time_s,value_axis_units
2499.9999999999995,-1.82997383631667
2500.7490636704115,-1.82997383631667
2501.4981273408234,-1.82997383631667
2502.2471910112354,-1.8357964909085869
2502.9962546816473,-1.8357964909085869
2503.7453183520593,-1.8357964909085869
2504.494382022471,-1.8357964909085869
2505.243445692883,-1.8357964909085869
2505.992509363295,-1.8357964909085869
2506.741573033707,-1.8357964909085869
2507.4906367041194,-1.8357964909085869
2508.2397003745314,-1.8357964909085869
2508.9887640449433,-1.8357964909085869
2509.7378277153553,-1.8357964909085869
2510.486891385767,-1.8357964909085869
2511.235955056179,-1.841619145500502
2511.985018726591,-1.841619145500502
2512.734082397003,-1.8357964909085869
2513.483146067415,-1.8357964909085869
2514.232209737827,-1.8357964909085869
2514.9812734082393,-1.8357964909085869
2515.7303370786512,-1.8357964909085869
2516.479400749063,-1.841619145500502
2517.228464419475,-1.841619145500502
2517.977528089887,-1.841619145500502
2518.726591760299,-1.841619145500502
2519.475655430711,-1.841619145500502
2520.224719101123,-1.841619145500502
2520.973782771535,-1.841619145500502
2521.722846441947,-1.841619145500502
2522.471910112359,-1.841619145500502
2523.220973782771,-1.841619145500502
2523.970037453183,-1.841619145500502
2524.719101123595,-1.841619145500502
2525.468164794007,-1.841619145500502
2526.217228464419,-1.841619145500502
2526.966292134831,-1.841619145500502
2527.715355805243,-1.841619145500502
2528.4644194756547,-1.841619145500502
2529.2134831460667,-1.841619145500502
2529.9625468164786,-1.841619145500502
2530.711610486891,-1.841619145500502
2531.460674157303,-1.841619145500502
2532.209737827715,-1.841619145500502
2532.958801498127,-1.841619145500502
2533.707865168539,-1.847441800092417
2534.4569288389507,-1.841619145500502
2535.2059925093627,-1.841619145500502
2535.9550561797746,-1.841619145500502
2536.7041198501865,-1.841619145500502
2537.4531835205985,-1.841619145500502
2538.2022471910104,-1.841619145500502
2538.951310861423,-1.847441800092417
2539.7003745318348,-1.847441800092417
2540.4494382022467,-1.847441800092417
2541.1985018726587,-1.847441800092417
2541.9475655430706,-1.847441800092417
2542.6966292134825,-1.847441800092417
2543.4456928838945,-1.841619145500502
2544.1947565543064,-1.847441800092417
2544.9438202247184,-1.847441800092417
2545.6928838951303,-1.847441800092417
2546.4419475655427,-1.847441800092417
2547.1910112359546,-1.847441800092417
2547.9400749063666,-1.847441800092417
2548.6891385767785,-1.847441800092417
2549.4382022471905,-1.847441800092417
2550.1872659176024,-1.847441800092417
2550.9363295880144,-1.847441800092417
2551.6853932584263,-1.847441800092417
2552.4344569288382,-1.847441800092417
2553.18352059925,-1.847441800092417
2553.9325842696626,-1.847441800092417
2554.6816479400745,-1.847441800092417
2555.4307116104865,-1.847441800092417
2556.1797752808984,-1.847441800092417
2556.9288389513104,-1.847441800092417
2557.6779026217223,-1.847441800092417
2558.4269662921342,-1.847441800092417
2559.176029962546,-1.847441800092417
2559.925093632958,-1.847441800092417
2560.67415730337,-1.8532644546843322
2561.423220973782,-1.847441800092417
2562.1722846441944,-1.847441800092417
2562.9213483146063,-1.847441800092417
2563.6704119850183,-1.847441800092417
2564.4194756554302,-1.847441800092417
2565.168539325842,-1.847441800092417
2565.917602996254,-1.847441800092417
2566.666666666666,-1.847441800092417
2567.415730337078,-1.8532644546843322
2568.16479400749,-1.8532644546843322
2568.913857677902,-1.8532644546843322
2569.662921348314,-1.847441800092417
2570.411985018726,-1.847441800092417
2571.161048689138,-1.847441800092417
2571.91011235955,-1.847441800092417
2572.659176029962,-1.847441800092417
2573.408239700374,-1.847441800092417
2574.157303370786,-1.847441800092417
2574.906367041198,-1.8532644546843322
2575.65543071161,-1.8532644546843322
2576.4044943820218,-1.8532644546843322
2577.153558052434,-1.8532644546843322
2577.902621722846,-1.8590871092762473
2578.651685393258,-1.8590871092762473
2579.40074906367,-1.8590871092762473
2580.149812734082,-1.8649097638681624
2580.898876404494,-1.8649097638681624
2581.647940074906,-1.8649097638681624
2582.3970037453178,-1.8649097638681624
2583.1460674157297,-1.8649097638681624
2583.8951310861416,-1.8649097638681624
2584.6441947565536,-1.8649097638681624
2585.393258426966,-1.8649097638681624
2586.142322097378,-1.8649097638681624
2586.89138576779,-1.8649097638681624
2587.640449438202,-1.8649097638681624
2588.3895131086138,-1.8649097638681624
2589.1385767790257,-1.8649097638681624
2589.8876404494376,-1.8649097638681624
2590.6367041198496,-1.8649097638681624
2591.3857677902615,-1.8649097638681624
2592.1348314606735,-1.8649097638681624
2592.8838951310854,-1.8649097638681624
2593.632958801498,-1.8649097638681624
2594.3820224719097,-1.8649097638681624
2595.1310861423217,-1.8649097638681624
2595.8801498127336,-1.8649097638681624
2596.6292134831456,-1.8649097638681624
2597.3782771535575,-1.8649097638681624
2598.1273408239695,-1.8649097638681624
2598.8764044943814,-1.8649097638681624
2599.6254681647933,-1.8649097638681624
2600.3745318352053,-1.8649097638681624
2601.1235955056177,-1.8649097638681624
2601.8726591760296,-1.8649097638681624
2602.6217228464416,-1.8649097638681624
2603.3707865168535,-1.8649097638681624
2604.1198501872655,-1.8649097638681624
2604.8689138576774,-1.8649097638681624
2605.6179775280893,-1.8649097638681624
2606.3670411985013,-1.8649097638681624
2607.116104868913,-1.8649097638681624
2607.865168539325,-1.8649097638681624
2608.6142322097376,-1.8649097638681624
2609.3632958801495,-1.8649097638681624
2610.1123595505615,-1.8649097638681624
2610.8614232209734,-1.8649097638681624
2611.6104868913853,-1.8649097638681624
2612.3595505617973,-1.8649097638681624
2613.108614232209,-1.8649097638681624
2613.857677902621,-1.8649097638681624
2614.606741573033,-1.8649097638681624
2615.355805243445,-1.8649097638681624
2616.104868913857,-1.8707324184600775
2616.8539325842694,-1.8649097638681624
2617.6029962546813,-1.8649097638681624
2618.3520599250933,-1.8649097638681624
2619.101123595505,-1.8649097638681624
2619.850187265917,-1.8649097638681624
2620.599250936329,-1.8649097638681624
2621.348314606741,-1.8649097638681624
2622.097378277153,-1.8649097638681624
2622.846441947565,-1.8649097638681624
2623.595505617977,-1.8649097638681624
2624.344569288389,-1.8649097638681624
2625.093632958801,-1.8649097638681624
2625.842696629213,-1.8649097638681624
2626.591760299625,-1.8649097638681624
2627.340823970037,-1.8649097638681624
2628.089887640449,-1.8649097638681624
2628.838951310861,-1.8649097638681624
2629.588014981273,-1.8649097638681624
2630.337078651685,-1.8649097638681624
2631.0861423220967,-1.8649097638681624
2631.8352059925087,-1.8649097638681624
2632.584269662921,-1.8649097638681624
2633.333333333333,-1.8649097638681624
2634.082397003745,-1.8649097638681624
2634.831460674157,-1.8649097638681624
2635.580524344569,-1.8649097638681624
2636.329588014981,-1.8649097638681624
2637.0786516853927,-1.8649097638681624
2637.8277153558047,-1.8649097638681624
2638.5767790262166,-1.8649097638681624
2639.3258426966286,-1.8649097638681624
2640.074906367041,-1.8649097638681624
2640.823970037453,-1.8649097638681624
2641.573033707865,-1.8649097638681624
2642.322097378277,-1.8649097638681624
2643.0711610486887,-1.8649097638681624
2643.8202247191007,-1.8649097638681624
2644.5692883895126,-1.8649097638681624
2645.3183520599246,-1.8649097638681624
2646.0674157303365,-1.8649097638681624
2646.8164794007484,-1.8649097638681624
2647.5655430711604,-1.8649097638681624
2648.314606741573,-1.8649097638681624
2649.0636704119847,-1.8649097638681624
2649.8127340823967,-1.8590871092762473
2650.5617977528086,-1.8590871092762473
2651.3108614232206,-1.8590871092762473
2652.0599250936325,-1.8183285271328398
2652.8089887640444,-1.8125058725409247
2653.5580524344564,-1.8066832179490095
2654.3071161048683,-1.626180925599634
2655.0561797752803,-1.4631465970260056
2655.805243445692,-1.352516159779615
2656.5543071161046,-1.2651763409008847
2657.3033707865166,-1.2069497949817318
2658.0524344569285,-1.1661912128383243
2658.8014981273404,-0.9682209567132034
2659.5505617977524,-0.7702507005880843
2660.2996254681643,-0.6421522995659465
2661.0486891385763,-0.5431671715033861
2661.797752808988,-0.4674726618084879
2662.5468164794,-0.42671407966508035
2663.2958801498125,-0.3917781521135879
2664.0449438202245,-0.34519691537826525
2664.7940074906364,-0.3219062970106048
2665.5430711610484,-0.2927930240510275
2666.2921348314603,-0.27532506027528214
2667.0411985018723,-0.2636797510914519
2667.790262172284,-0.2462117873157048
2668.539325842696,-0.22292116894804437
2669.288389513108,-0.21709851435612926
2670.03745318352,-0.20545320517229726
2670.786516853932,-0.18798524139655193
2671.5355805243444,-0.18798524139655193
2672.2846441947563,-0.1763399322127217
2673.0337078651683,-0.1705172776208066
2673.78277153558,-0.16469462302889148
2674.531835205992,-0.1588719684369746
2675.280898876404,-0.14722665925314438
2676.029962546816,-0.14722665925314438
2676.779026217228,-0.14140400466122927
2677.52808988764,-0.14140400466122927
2678.277153558052,-0.13558135006931415
2679.026217228464,-0.12975869547739904
2679.775280898876,-0.12975869547739904
2680.524344569288,-0.11811338629356882
2681.2734082397,-0.11811338629356882
2682.022471910112,-0.11811338629356882
2682.771535580524,-0.10646807710973683
2683.520599250936,-0.11229073170165371
2684.269662921348,-0.9391076837536279
2685.01872659176,-0.944930338345543
2685.7677902621717,-0.944930338345543
2686.516853932584,-0.9507529929374581
2687.2659176029956,-0.9507529929374581
2688.014981273408,-0.9623983021212883
2688.76404494382,-1.8183285271328398
2689.513108614232,-1.8183285271328398
2690.262172284644,-1.8241511817247549
2691.011235955056,-1.82997383631667
2691.7602996254677,-1.82997383631667
2692.5093632958797,-1.82997383631667
2693.2584269662916,-1.8125058725409247
2694.0074906367036,-1.8008605633570944
2694.756554307116,-1.8008605633570944
2695.505617977528,-1.7601019812136869
2696.25468164794,-1.5912449980481433
2697.003745318352,-1.492259869985583
2697.7528089887637,-1.3990973965149376
2698.5018726591757,-1.3350481960038696
2699.2509363295876,-1.288466959268547
2699.9999999999995,-1.2244177587574772
2700.7490636704115,-1.008979538856611
2701.4981273408234,-0.8459452102829825
2702.2471910112354,-0.7527827368123372
2702.9962546816478,-0.6829108817093541
2703.7453183520597,-0.6188616811982861
2704.4943820224717,-0.5489898260953012
2705.2434456928836,-0.5082312439518937
2705.9925093632955,-0.4791179709923181
2706.7415730337075,-0.4500046980327408
2707.4906367041194,-0.42671407966508035
2708.2397003745314,-0.40342346129741813
2708.9887640449433,-0.3859554975216728
2709.7378277153553,-0.3743101883378426
2710.486891385767,-0.3626648791540106
2711.2359550561796,-0.34519691537826525
2711.9850187265915,-0.333551606194435
2712.7340823970035,-0.333551606194435
2713.4831460674154,-0.3219062970106048
2714.2322097378274,-0.3044383332348577
2714.9812734082393,-0.3044383332348577
2715.7303370786512,-0.3044383332348577
2716.479400749063,-0.2986156786429426
2717.228464419475,-0.2927930240510275
2717.9775280898875,-0.28697036945911236
2718.7265917602995,-0.28114771486719725
2719.4756554307114,-0.28114771486719725
2720.2247191011234,-0.28114771486719725
2720.9737827715353,-0.26950240568336703
2721.7228464419472,-0.26950240568336703
2722.471910112359,-0.26950240568336703
2723.220973782771,-0.26950240568336703
2723.970037453183,-0.26950240568336703
2724.719101123595,-0.25785709649953503
2725.468164794007,-0.2636797510914519
2726.2172284644193,-0.25785709649953503
2726.9662921348313,-0.25785709649953503
2727.7153558052432,-0.2520344419076199
2728.464419475655,-0.2520344419076199
2729.213483146067,-0.25785709649953503
2729.962546816479,-0.25785709649953503
2730.711610486891,-0.2462117873157048
2731.460674157303,-0.2462117873157048
2732.209737827715,-0.2462117873157048
2732.958801498127,-0.2462117873157048
2733.707865168539,-0.2462117873157048
2734.456928838951,-0.2462117873157048
2735.205992509363,-0.2462117873157048
2735.955056179775,-0.2462117873157048
2736.704119850187,-0.2403891327237897
2737.453183520599,-0.2403891327237897
2738.202247191011,-0.2403891327237897
2738.951310861423,-0.2403891327237897
2739.7003745318348,-0.2403891327237897
2740.4494382022467,-0.2403891327237897
2741.198501872659,-0.2403891327237897
2741.9475655430706,-0.2403891327237897
2742.696629213483,-0.2403891327237897
2743.445692883895,-0.2403891327237897
2744.194756554307,-0.2403891327237897
2744.943820224719,-0.2403891327237897
2745.6928838951308,-0.2403891327237897
2746.4419475655427,-0.2403891327237897
2747.1910112359546,-0.2403891327237897
2747.9400749063666,-0.2403891327237897
2748.6891385767785,-0.2403891327237897
2749.438202247191,-0.2403891327237897
2750.187265917603,-0.2403891327237897
2750.936329588015,-0.2403891327237897
2751.6853932584268,-0.2345664781318746
2752.4344569288387,-0.2345664781318746
2753.1835205992506,-0.2345664781318746
2753.9325842696626,-0.2345664781318746
2754.6816479400745,-0.2345664781318746
2755.4307116104865,-0.2345664781318746
2756.1797752808984,-0.2345664781318746
2756.9288389513104,-0.2345664781318746
2757.6779026217228,-0.2345664781318746
2758.4269662921347,-0.2345664781318746
2759.1760299625466,-0.2345664781318746
2759.9250936329586,-0.2345664781318746
2760.6741573033705,-0.22874382353995948
2761.4232209737825,-0.2345664781318746
2762.1722846441944,-0.2345664781318746
2762.9213483146063,-0.2345664781318746
2763.6704119850183,-0.2345664781318746
2764.4194756554302,-0.22874382353995948
2765.168539325842,-0.2345664781318746
2765.9176029962546,-0.2345664781318746
2766.6666666666665,-0.2345664781318746
2767.4157303370785,-0.22874382353995948
2768.1647940074904,-0.2345664781318746
2768.9138576779023,-0.2345664781318746
2769.6629213483143,-0.22874382353995948
2770.411985018726,-0.22874382353995948
2771.161048689138,-0.2345664781318746
2771.91011235955,-0.2345664781318746
2772.6591760299625,-0.22874382353995948
2773.408239700374,-0.22292116894804437
2774.1573033707864,-0.22292116894804437
2774.9063670411983,-0.22292116894804437
2775.6554307116103,-0.22292116894804437
2776.404494382022,-0.22292116894804437
2777.153558052434,-0.22292116894804437
2777.902621722846,-0.22874382353995948
2778.651685393258,-0.22292116894804437
2779.40074906367,-0.22292116894804437
2780.149812734082,-0.22874382353995948
2780.8988764044943,-0.22874382353995948
2781.6479400749063,-0.22292116894804437
2782.397003745318,-0.22292116894804437
2783.14606741573,-0.22292116894804437
2783.895131086142,-0.22874382353995948
2784.644194756554,-0.22874382353995948
2785.393258426966,-0.22292116894804437
2786.142322097378,-0.22874382353995948
2786.89138576779,-0.22874382353995948
2787.640449438202,-0.22874382353995948
2788.3895131086138,-0.22292116894804437
2789.138576779026,-0.22292116894804437
2789.887640449438,-0.22874382353995948
2790.63670411985,-0.22874382353995948
2791.385767790262,-0.22292116894804437
2792.134831460674,-0.22874382353995948
2792.883895131086,-0.21709851435612926
2793.632958801498,-0.1588719684369746
2794.3820224719097,-0.10646807710973683
2795.1310861423217,-0.0249509128229235
2795.8801498127336,0.039098287688144495
2796.6292134831456,0.10897014279112938
2797.378277153558,0.17301934330219737
2798.12734082397,0.24871385299709736
2798.876404494382,0.3360536718758258
2799.625468164794,0.43503879993838623
2800.3745318352057,0.5107333096332862
2801.1235955056177,0.6097184376958467
2801.8726591760296,0.6679449836149995
2802.6217228464416,0.7087035657584071
2803.3707865168535,0.7552848024937298
2804.119850187266,0.7960433846371355
2804.868913857678,0.8193340030047978
2805.61797752809,0.8542699305562884
2806.3670411985017,0.8717378943320355
2807.1161048689137,0.895028512699696
2807.8651685393256,0.9183191310673582
2808.6142322097376,0.9357870948431035
2809.3632958801495,0.9474324040269337
2810.1123595505615,0.9649003678026808
2810.8614232209734,0.9765456769865111
2811.6104868913853,0.9881909861703413
2812.3595505617977,0.9940136407622564
2813.1086142322097,1.0056589499460866
2813.8576779026216,1.0173042591299186
2814.6067415730336,1.0231269137218337
2815.3558052434455,1.0289495683137488
2816.1048689138574,1.040594877497579
2816.8539325842694,1.0464175320894942
2817.6029962546813,1.0522401866814093
2818.3520599250933,1.0580628412733262
2819.101123595505,1.0580628412733262
2819.850187265917,1.0638854958652413
2820.5992509363296,1.0697081504571564
2821.3483146067415,1.0697081504571564
2822.0973782771534,1.0755308050490715
2822.8464419475654,1.0813534596409866
2823.5955056179773,1.0813534596409866
2824.3445692883893,1.0871761142329017
2825.093632958801,1.0871761142329017
2825.842696629213,1.0929987688248168
2826.591760299625,1.104644078008647
2827.3408239700375,1.104644078008647
2828.089887640449,1.104644078008647
2828.8389513108614,1.104644078008647
2829.5880149812733,1.104644078008647
2830.3370786516853,1.104644078008647
2831.086142322097,1.110466732600564
2831.835205992509,1.110466732600564
2832.584269662921,1.116289387192479
2833.333333333333,1.116289387192479
2834.082397003745,1.116289387192479
2834.831460674157,1.116289387192479
2835.5805243445693,1.1279346963763093
2836.3295880149813,1.1221120417843942
2837.078651685393,1.1221120417843942
2837.827715355805,1.1221120417843942
2838.576779026217,1.1221120417843942
2839.325842696629,1.1279346963763093
2840.074906367041,1.1279346963763093
2840.823970037453,1.1279346963763093
2841.573033707865,1.1279346963763093
2842.322097378277,1.1337573509682244
2843.0711610486887,1.1337573509682244
2843.820224719101,1.1395800055601395
2844.569288389513,1.1395800055601395
2845.318352059925,1.1395800055601395
2846.067415730337,1.1395800055601395
2846.816479400749,1.1395800055601395
2847.565543071161,1.1395800055601395
2848.314606741573,1.1395800055601395
2849.0636704119847,1.1395800055601395
2849.8127340823967,1.1395800055601395
2850.5617977528086,1.1395800055601395
2851.3108614232206,1.1395800055601395
2852.059925093633,1.1395800055601395
2852.808988764045,1.1395800055601395
2853.558052434457,1.1395800055601395
2854.307116104869,1.1454026601520546
2855.0561797752807,1.1454026601520546
2855.8052434456927,1.1454026601520546
2856.5543071161046,1.1454026601520546
2857.3033707865166,1.1454026601520546
2858.0524344569285,1.1512253147439697
2858.801498127341,1.1512253147439697
2859.5505617977524,1.1454026601520546
2860.299625468165,1.1454026601520546
2861.0486891385767,1.1454026601520546
2861.7977528089887,1.1454026601520546
2862.5468164794006,1.1454026601520546
2863.2958801498125,1.1454026601520546
2864.0449438202245,1.1512253147439697
2864.7940074906364,1.1512253147439697
2865.5430711610484,1.1512253147439697
2866.2921348314603,1.1512253147439697
2867.0411985018727,1.1512253147439697
2867.7902621722847,1.1512253147439697
2868.5393258426966,1.1512253147439697
2869.2883895131085,1.1454026601520546
2870.0374531835205,1.1454026601520546
2870.7865168539324,1.1512253147439697
2871.5355805243444,1.1570479693358848
2872.2846441947563,1.1570479693358848
2873.0337078651683,1.1628706239278017
2873.78277153558,1.1628706239278017
2874.531835205992,1.1570479693358848
2875.2808988764045,1.1570479693358848
2876.0299625468165,1.1512253147439697
2876.7790262172284,1.1512253147439697
2877.5280898876404,1.1570479693358848
2878.2771535580523,1.1570479693358848
2879.0262172284642,1.1570479693358848
2879.775280898876,1.1570479693358848
2880.524344569288,1.1570479693358848
2881.2734082397,1.1628706239278017
2882.022471910112,1.1628706239278017
2882.771535580524,1.1628706239278017
2883.5205992509364,1.1628706239278017
2884.2696629213483,1.1628706239278017
2885.0187265917602,1.1570479693358848
2885.767790262172,1.1570479693358848
2886.516853932584,1.1628706239278017
2887.265917602996,1.1628706239278017
2888.014981273408,1.1628706239278017
2888.76404494382,1.1628706239278017
2889.513108614232,1.1628706239278017
2890.2621722846443,1.1628706239278017
2891.0112359550562,1.1628706239278017
2891.760299625468,1.1628706239278017
2892.50936329588,1.1628706239278017
2893.258426966292,1.1628706239278017
2894.007490636704,1.1628706239278017
2894.756554307116,1.1628706239278017
2895.505617977528,1.1628706239278017
2896.25468164794,1.1628706239278017
2897.003745318352,1.1628706239278017
2897.7528089887637,1.1686932785197168
2898.501872659176,1.1686932785197168
2899.250936329588,1.1628706239278017
2900.0,1.1628706239278017
2900.749063670412,1.1628706239278017
2901.498127340824,1.1686932785197168
2902.247191011236,1.174515933111632
2902.9962546816478,1.174515933111632
2903.7453183520597,1.174515933111632
2904.4943820224717,1.174515933111632
2905.2434456928836,1.174515933111632
2905.9925093632955,1.1686932785197168
2906.741573033708,1.1686932785197168
2907.49063670412,1.1686932785197168
2908.239700374532,1.1686932785197168
2908.9887640449438,1.174515933111632
2909.7378277153557,1.174515933111632
2910.4868913857676,1.174515933111632
2911.2359550561796,1.174515933111632
2911.9850187265915,1.174515933111632
2912.7340823970035,1.174515933111632
2913.483146067416,1.174515933111632
2914.2322097378274,1.1686932785197168
2914.9812734082398,1.1686932785197168
2915.7303370786517,1.1686932785197168
2916.4794007490636,1.1686932785197168
2917.2284644194756,1.174515933111632
2917.9775280898875,1.174515933111632
2918.7265917602995,1.174515933111632
2919.4756554307114,1.174515933111632
2920.2247191011234,1.1686932785197168
2920.9737827715353,1.174515933111632
2921.7228464419477,1.174515933111632
2922.4719101123596,1.174515933111632
2923.2209737827716,1.1686932785197168
2923.9700374531835,1.174515933111632
2924.7191011235955,1.174515933111632
2925.4681647940074,1.174515933111632
2926.2172284644193,1.174515933111632
2926.9662921348313,1.174515933111632
2927.7153558052432,1.174515933111632
2928.464419475655,1.174515933111632
2929.213483146067,1.174515933111632
2929.9625468164795,1.174515933111632
2930.7116104868915,1.174515933111632
2931.4606741573034,1.180338587703547
2932.2097378277153,1.180338587703547
2932.9588014981273,1.180338587703547
2933.7078651685392,1.1861612422954622
2934.456928838951,1.1978065514792924
2935.205992509363,1.2327424790307848
2935.955056179775,1.2676784065822773
2936.7041198501875,1.302614334133768
2937.453183520599,1.3317276070933453
2938.2022471910113,1.3491955708690906
2938.9513108614233,1.384131498420583
2939.700374531835,1.4307127351559057
2940.449438202247,1.4656486627073981
2941.198501872659,1.506407244850804
2941.947565543071,1.5413431724022963
2942.696629213483,1.5529884815861266
2943.445692883895,1.5588111361780417
2944.194756554307,1.5646337907699568
2944.9438202247193,1.582101754545704
2945.6928838951308,1.587924409137619
2946.441947565543,1.5937470637295341
2947.191011235955,1.5995697183214492
2947.940074906367,1.5995697183214492
2948.689138576779,1.5995697183214492
2949.438202247191,1.6112150275052795
2950.187265917603,1.6112150275052795
2950.936329588015,1.6170376820971963
2951.6853932584268,1.6228603366891114
2952.4344569288387,1.6228603366891114
2953.183520599251,1.6228603366891114
2953.9325842696626,1.6286829912810266
2954.681647940075,1.6286829912810266
2955.430711610487,1.6345056458729417
2956.179775280899,1.6345056458729417
2956.928838951311,1.6403283004648568
2957.6779026217228,1.646150955056772
2958.4269662921347,1.646150955056772
2959.1760299625466,1.646150955056772
2959.925093632959,1.646150955056772
2960.6741573033705,1.651973609648687
2961.423220973783,1.651973609648687
2962.172284644195,1.651973609648687
2962.921348314607,1.6577962642406021
2963.6704119850187,1.6577962642406021
2964.4194756554307,1.6577962642406021
2965.1685393258426,1.6577962642406021
2965.9176029962546,1.6577962642406021
2966.6666666666665,1.651973609648687
2967.4157303370785,1.651973609648687
2968.164794007491,1.6577962642406021
2968.9138576779023,1.6577962642406021
2969.6629213483147,1.6636189188325172
2970.4119850187267,1.6636189188325172
2971.1610486891386,1.6636189188325172
2971.9101123595506,1.6636189188325172
2972.6591760299625,1.6636189188325172
2973.4082397003745,1.6636189188325172
2974.1573033707864,1.6636189188325172
2974.9063670411983,1.6636189188325172
2975.6554307116103,1.669441573424434
2976.4044943820227,1.6636189188325172
2977.153558052434,1.6636189188325172
2977.9026217228466,1.6636189188325172
2978.6516853932585,1.6636189188325172
2979.4007490636704,1.6636189188325172
2980.1498127340824,1.6636189188325172
2980.8988764044943,1.6636189188325172
2981.6479400749063,1.6636189188325172
2982.397003745318,1.669441573424434
2983.14606741573,1.669441573424434
2983.895131086142,1.669441573424434
2984.6441947565545,1.669441573424434
2985.3932584269664,1.669441573424434
2986.1423220973784,1.6636189188325172
2986.8913857677903,1.6636189188325172
2987.6404494382023,1.669441573424434
2988.389513108614,1.669441573424434
2989.138576779026,1.669441573424434
2989.887640449438,1.669441573424434
2990.63670411985,1.669441573424434
2991.3857677902624,1.669441573424434
2992.134831460674,1.6636189188325172
2992.8838951310863,1.6636189188325172
2993.6329588014983,1.6636189188325172
2994.38202247191,1.6636189188325172
2995.131086142322,1.6636189188325172
2995.880149812734,1.6636189188325172
2996.629213483146,1.6636189188325172
2997.378277153558,1.6636189188325172
2998.12734082397,1.6636189188325172
2998.876404494382,1.6636189188325172
2999.6254681647943,1.6636189188325172
3000.3745318352057,1.6636189188325172
3001.123595505618,1.6636189188325172
3001.87265917603,1.6636189188325172
3002.621722846442,1.6636189188325172
3003.370786516854,1.6636189188325172
3004.119850187266,1.6636189188325172
3004.868913857678,1.6636189188325172
3005.61797752809,1.6577962642406021
3006.3670411985017,1.6577962642406021
3007.1161048689137,1.6577962642406021
3007.865168539326,1.6577962642406021
3008.6142322097376,1.6577962642406021
3009.36329588015,1.651973609648687
3010.112359550562,1.6577962642406021
3010.861423220974,1.6577962642406021
3011.610486891386,1.651973609648687
3012.3595505617977,1.651973609648687
3013.1086142322097,1.646150955056772
3013.8576779026216,1.651973609648687
3014.6067415730336,1.646150955056772
3015.3558052434455,1.646150955056772
3016.104868913858,1.646150955056772
3016.85393258427,1.646150955056772
3017.602996254682,1.646150955056772
3018.3520599250937,1.6403283004648568
3019.1011235955057,1.6403283004648568
3019.8501872659176,1.646150955056772
3020.5992509363296,1.646150955056772
3021.3483146067415,1.646150955056772
3022.0973782771534,1.646150955056772
3022.846441947566,1.646150955056772
3023.5955056179773,1.6403283004648568
3024.3445692883897,1.6403283004648568
3025.0936329588017,1.646150955056772
3025.8426966292136,1.646150955056772
3026.5917602996255,1.646150955056772
3027.3408239700375,1.651973609648687
3028.0898876404494,1.646150955056772
3028.8389513108614,1.651973609648687
3029.5880149812733,1.646150955056772
3030.3370786516853,1.646150955056772
3031.0861423220977,1.646150955056772
3031.835205992509,1.646150955056772
3032.5842696629215,1.646150955056772
3033.3333333333335,1.646150955056772
3034.0823970037454,1.6403283004648568
3034.8314606741574,1.6403283004648568
3035.5805243445693,1.646150955056772
3036.3295880149813,1.646150955056772
3037.078651685393,1.646150955056772
3037.827715355805,1.646150955056772
3038.576779026217,1.646150955056772
3039.3258426966295,1.646150955056772
3040.074906367041,1.651973609648687
3040.8239700374534,1.646150955056772
3041.5730337078653,1.646150955056772
3042.3220973782772,1.651973609648687
3043.071161048689,1.651973609648687
3043.820224719101,1.646150955056772
3044.569288389513,1.646150955056772
3045.318352059925,1.646150955056772
3046.0674157303374,1.646150955056772
3046.816479400749,1.646150955056772
3047.5655430711613,1.646150955056772
3048.3146067415732,1.646150955056772
3049.063670411985,1.646150955056772
3049.812734082397,1.646150955056772
3050.561797752809,1.646150955056772
3051.310861423221,1.646150955056772
3052.059925093633,1.6403283004648568
3052.808988764045,1.6345056458729417
3053.558052434457,1.6345056458729417
3054.3071161048692,1.6228603366891114
3055.0561797752807,1.6170376820971963
3055.805243445693,1.6112150275052795
3056.554307116105,1.6053923729133643
3057.303370786517,1.6053923729133643
3058.052434456929,1.6053923729133643
3058.801498127341,1.5995697183214492
3059.550561797753,1.6112150275052795
3060.299625468165,1.5995697183214492
3061.0486891385767,1.6112150275052795
3061.7977528089887,1.6112150275052795
3062.546816479401,1.6112150275052795
3063.2958801498125,1.6112150275052795
3064.044943820225,1.6112150275052795
3064.794007490637,1.6170376820971963
3065.543071161049,1.6170376820971963
3066.2921348314608,1.6228603366891114
3067.0411985018727,1.6228603366891114
3067.7902621722847,1.6228603366891114
3068.5393258426966,1.6228603366891114
3069.2883895131085,1.6228603366891114
3070.0374531835205,1.6228603366891114
3070.786516853933,1.6286829912810266
3071.535580524345,1.6228603366891114
3072.2846441947568,1.6228603366891114
3073.0337078651687,1.6228603366891114
3073.7827715355807,1.6286829912810266
3074.5318352059926,1.6869095372001794
3075.2808988764045,1.7626040468950777
3076.0299625468165,1.79753997444657
3076.7790262172284,1.8208305928142323
3077.528089887641,1.8499438657738079
3078.2771535580523,1.8848797933253003
3079.0262172284647,1.9605743030201985
3079.7752808988766,2.001332885163606
3080.5243445692886,2.059559431082759
3081.2734082397005,2.0944953586342514
3082.0224719101125,2.1236086315938287
3082.7715355805244,2.141076595369574
3083.5205992509364,2.1527219045534043
3084.2696629213483,2.1643672137372345
3085.0187265917602,2.1760125229210665
3085.7677902621726,2.1876578321048967
3086.516853932584,2.1876578321048967
3087.2659176029965,2.205125795880642
3088.0149812734085,2.205125795880642
3088.7640449438204,2.2167711050644723
3089.5131086142324,2.2284164142483043
3090.2621722846443,2.2284164142483043
3091.0112359550562,2.2342390688402194
3091.760299625468,2.2342390688402194
3092.50936329588,2.2400617234321345
3093.258426966292,2.2400617234321345
3094.0074906367045,2.2400617234321345
3094.756554307116,2.2458843780240496
3095.5056179775283,2.2458843780240496
3096.2546816479403,2.2517070326159647
3097.0037453183522,2.2517070326159647
3097.752808988764,2.25752968720788
3098.501872659176,2.25752968720788
3099.250936329588,2.2517070326159647
3100.0,2.25752968720788
3100.7490636704124,2.25752968720788
3101.498127340824,2.25752968720788
3102.2471910112363,2.263352341799795
3102.996254681648,2.263352341799795
3103.74531835206,2.263352341799795
3104.494382022472,2.26917499639171
3105.243445692884,2.26917499639171
3105.992509363296,2.26917499639171
3106.741573033708,2.274997650983625
3107.49063670412,2.274997650983625
3108.239700374532,2.26917499639171
3108.988764044944,2.26917499639171
3109.7378277153557,2.274997650983625
3110.486891385768,2.274997650983625
3111.23595505618,2.274997650983625
3111.985018726592,2.26917499639171
3112.734082397004,2.26917499639171
3113.483146067416,2.26917499639171
3114.232209737828,2.26917499639171
3114.9812734082398,2.274997650983625
3115.7303370786517,2.274997650983625
3116.4794007490636,2.274997650983625
3117.228464419476,2.274997650983625
3117.9775280898875,2.274997650983625
3118.7265917603,2.274997650983625
3119.475655430712,2.280820305575542
3120.224719101124,2.280820305575542
3120.9737827715358,2.280820305575542
3121.7228464419477,2.280820305575542
3122.4719101123596,2.280820305575542
3123.2209737827716,2.280820305575542
3123.9700374531835,2.280820305575542
3124.7191011235955,2.280820305575542
3125.468164794008,2.280820305575542
3126.21722846442,2.280820305575542
3126.9662921348317,2.286642960167457
3127.7153558052437,2.2924656147593723
3128.4644194756556,2.286642960167457
3129.2134831460676,2.280820305575542
3129.9625468164795,2.280820305575542
3130.7116104868915,2.280820305575542
3131.4606741573034,2.280820305575542
3132.209737827716,2.286642960167457
3132.9588014981273,2.286642960167457
3133.7078651685397,2.2924656147593723
3134.4569288389516,2.2924656147593723
3135.2059925093636,2.2924656147593723
3135.9550561797755,2.2924656147593723
3136.7041198501875,2.2924656147593723
3137.4531835205994,2.2924656147593723
3138.2022471910113,2.2924656147593723
3138.9513108614233,2.2924656147593723
3139.700374531835,2.286642960167457
3140.4494382022476,2.286642960167457
3141.198501872659,2.286642960167457
3141.9475655430715,2.2924656147593723
3142.6966292134834,2.286642960167457
3143.4456928838954,2.2982882693512874
3144.1947565543073,2.2982882693512874
3144.9438202247193,2.2982882693512874
3145.692883895131,2.2924656147593723
3146.441947565543,2.2982882693512874
3147.191011235955,2.2924656147593723
3147.940074906367,2.2924656147593723
3148.6891385767794,2.2924656147593723
3149.438202247191,2.2924656147593723
3150.1872659176033,2.3041109239432025
3150.9363295880153,2.3041109239432025
3151.685393258427,2.3041109239432025
3152.434456928839,2.3041109239432025
3153.183520599251,2.2982882693512874
3153.932584269663,2.3041109239432025
3154.681647940075,2.3041109239432025
3155.430711610487,2.3041109239432025
3156.179775280899,2.3041109239432025
3156.9288389513113,2.3041109239432025
3157.677902621723,2.3041109239432025
3158.426966292135,2.3099335785351176
3159.176029962547,2.3099335785351176
3159.925093632959,2.3099335785351176
3160.674157303371,2.3099335785351176
3161.423220973783,2.3099335785351176
3162.172284644195,2.3099335785351176
3162.921348314607,2.3157562331270327
3163.670411985019,2.3041109239432025
3164.4194756554307,2.3099335785351176
3165.168539325843,2.3099335785351176
3165.917602996255,2.3099335785351176
3166.666666666667,2.3099335785351176
3167.415730337079,2.3099335785351176
3168.164794007491,2.3099335785351176
3168.913857677903,2.3099335785351176
3169.6629213483147,2.3157562331270327
3170.4119850187267,2.3157562331270327
3171.1610486891386,2.3157562331270327
3171.910112359551,2.3157562331270327
3172.6591760299625,2.3157562331270327
3173.408239700375,2.3157562331270327
3174.157303370787,2.3157562331270327
3174.906367041199,2.3157562331270327
3175.6554307116107,2.3157562331270327
3176.4044943820227,2.321578887718948
3177.1535580524346,2.3157562331270327
3177.9026217228466,2.3157562331270327
3178.6516853932585,2.3157562331270327
3179.4007490636704,2.3157562331270327
3180.149812734083,2.3157562331270327
3180.8988764044943,2.3157562331270327
3181.6479400749067,2.3157562331270327
3182.3970037453187,2.3157562331270327
3183.1460674157306,2.3157562331270327
3183.8951310861426,2.3157562331270327
3184.6441947565545,2.3157562331270327
3185.3932584269664,2.321578887718948
3186.1423220973784,2.3623374698623554
3186.891385767791,2.397273397413848
3187.6404494382023,2.4496772887410856
3188.3895131086147,2.4962585254764083
3189.1385767790266,2.548662416803646
3189.8876404494385,2.612711617314714
3190.6367041198505,2.682583472417699
3191.3857677902624,2.7699232912964273
3192.1348314606744,2.822327182623665
3192.8838951310863,2.8630857647670727
3193.6329588014983,2.9154896560943104
3194.38202247191,2.950425583645803
3195.1310861423226,2.9795388566053784
3195.880149812734,3.031942747932616
3196.6292134831465,3.0494107117083633
3197.3782771535584,3.0610560208921935
3198.1273408239704,3.0727013300760238
3198.8764044943823,3.0727013300760238
3199.6254681647943,3.0727013300760238
3200.374531835206,3.0727013300760238
3201.123595505618,3.0668786754841086
3201.87265917603,3.0668786754841086
3202.621722846442,3.0727013300760238
3203.3707865168544,3.078523984667939
3204.119850187266,3.084346639259854
3204.8689138576783,3.078523984667939
3205.6179775280903,3.078523984667939
3206.367041198502,3.0727013300760238
3207.116104868914,3.078523984667939
3207.865168539326,3.078523984667939
3208.614232209738,3.084346639259854
3209.36329588015,3.084346639259854
3210.112359550562,3.090169293851771
3210.861423220974,3.090169293851771
3211.6104868913862,3.078523984667939
3212.359550561798,3.0727013300760238
3213.10861423221,3.0727013300760238
3213.857677902622,3.078523984667939
3214.606741573034,3.078523984667939
3215.355805243446,3.084346639259854
3216.104868913858,3.090169293851771
3216.85393258427,3.090169293851771
3217.602996254682,3.090169293851771
3218.352059925094,3.084346639259854
3219.1011235955057,3.0727013300760238
3219.850187265918,3.0727013300760238
3220.59925093633,3.078523984667939
3221.348314606742,3.0727013300760238
3222.097378277154,3.0727013300760238
3222.846441947566,3.0668786754841086
3223.595505617978,3.0727013300760238
3224.3445692883897,3.078523984667939
3225.0936329588017,3.078523984667939
3225.8426966292136,3.078523984667939
3226.591760299626,3.084346639259854
3227.3408239700375,3.084346639259854
3228.08988764045,3.084346639259854
3228.838951310862,3.084346639259854
3229.588014981274,3.078523984667939
3230.3370786516857,3.078523984667939
3231.0861423220977,3.0727013300760238
3231.8352059925096,3.0668786754841086
3232.5842696629215,3.0727013300760238
3233.3333333333335,3.078523984667939
3234.0823970037454,3.078523984667939
3234.831460674158,3.084346639259854
3235.5805243445693,3.090169293851771
3236.3295880149817,3.095991948443686
3237.0786516853937,3.090169293851771
3237.8277153558056,3.084346639259854
3238.5767790262175,3.0727013300760238
3239.3258426966295,3.0727013300760238
3240.0749063670414,3.0727013300760238
3240.8239700374534,3.078523984667939
3241.5730337078653,3.078523984667939
3242.3220973782772,3.078523984667939
3243.0711610486896,3.090169293851771
3243.8202247191016,3.090169293851771
3244.5692883895135,3.090169293851771
3245.3183520599255,3.078523984667939
3246.0674157303374,3.078523984667939
3246.8164794007494,3.078523984667939
3247.5655430711613,3.078523984667939
3248.3146067415732,3.078523984667939
3249.063670411985,3.084346639259854
3249.8127340823976,3.084346639259854
3250.561797752809,3.090169293851771
3251.3108614232215,3.090169293851771
3252.0599250936334,3.095991948443686
3252.8089887640454,3.095991948443686
3253.5580524344573,3.095991948443686
3254.3071161048692,3.090169293851771
3255.056179775281,3.084346639259854
3255.805243445693,3.084346639259854
3256.554307116105,3.078523984667939
3257.303370786517,3.078523984667939
3258.0524344569294,3.078523984667939
3258.801498127341,3.084346639259854
3259.5505617977533,3.090169293851771
3260.2996254681652,3.090169293851771
3261.048689138577,3.095991948443686
3261.797752808989,3.107637257627516
3262.546816479401,3.101814603035601
3263.295880149813,3.101814603035601
3264.044943820225,3.095991948443686
3264.794007490637,3.095991948443686
3265.543071161049,3.090169293851771
3266.292134831461,3.095991948443686
3267.0411985018727,3.090169293851771
3267.790262172285,3.095991948443686
3268.539325842697,3.101814603035601
3269.288389513109,3.101814603035601
3270.037453183521,3.101814603035601
3270.786516853933,3.107637257627516
3271.535580524345,3.1134599122194313
3272.2846441947568,3.107637257627516
3273.033707865169,3.101814603035601
3273.7827715355807,3.095991948443686
3274.531835205993,3.090169293851771
3275.280898876405,3.095991948443686
3276.029962546817,3.095991948443686
3276.779026217229,3.101814603035601
3277.528089887641,3.101814603035601
3278.2771535580528,3.1134599122194313
3279.0262172284647,3.1134599122194313
3279.7752808988766,3.1192825668113464
3280.5243445692886,3.1192825668113464
3281.273408239701,3.1192825668113464
3282.0224719101125,3.1134599122194313
3282.771535580525,3.1134599122194313
3283.520599250937,3.107637257627516
3284.2696629213488,3.101814603035601
3285.0187265917607,3.101814603035601
3285.7677902621726,3.101814603035601
3286.5168539325846,3.101814603035601
3287.2659176029965,3.101814603035601
3288.0149812734085,3.107637257627516
3288.7640449438204,3.1134599122194313
3289.513108614233,3.1134599122194313
3290.2621722846443,3.1134599122194313
3291.0112359550567,3.1192825668113464
3291.7602996254686,3.1251052214032615
3292.5093632958806,3.1251052214032615
3293.2584269662925,3.1192825668113464
3294.0074906367045,3.1134599122194313
3294.7565543071164,3.1134599122194313
3295.5056179775283,3.1192825668113464
3296.2546816479403,3.1134599122194313
3297.0037453183522,3.107637257627516
3297.7528089887646,3.107637257627516
3298.5018726591766,3.107637257627516
3299.2509363295885,3.107637257627516
3300.0000000000005,3.1134599122194313
3300.7490636704124,3.1833317673224144
3301.4981273408243,3.2532036224253993
3302.2471910112363,3.282316895384975
3302.996254681648,3.305607513752637
3303.74531835206,3.3230754775283824
3304.4943820224726,3.3405434413041277
3305.243445692884,3.433705914774773
3305.9925093632964,3.4686418423262655
3306.7415730337084,3.4802871515100957
3307.4906367041203,3.515223079061588
3308.2397003745323,3.5501590066130806
3308.988764044944,3.567626970388826
3309.737827715356,3.561804315796911
3310.486891385768,3.567626970388826
3311.23595505618,3.567626970388826
3311.985018726592,3.561804315796911
3312.7340823970044,3.561804315796911
3313.483146067416,3.561804315796911
3314.2322097378283,3.561804315796911
3314.98127340824,3.561804315796911
3315.730337078652,3.567626970388826
3316.479400749064,3.567626970388826
3317.228464419476,3.567626970388826
3317.977528089888,3.567626970388826
3318.7265917603,3.567626970388826
3319.475655430712,3.567626970388826
3320.224719101124,3.567626970388826
3320.973782771536,3.567626970388826
3321.7228464419477,3.567626970388826
3322.47191011236,3.567626970388826
3323.220973782772,3.567626970388826
3323.970037453184,3.567626970388826
3324.719101123596,3.567626970388826
3325.468164794008,3.567626970388826
3326.21722846442,3.567626970388826
3326.9662921348317,3.561804315796911
3327.715355805244,3.567626970388826
3328.4644194756556,3.561804315796911
3329.213483146068,3.561804315796911
3329.96254681648,3.561804315796911
3330.711610486892,3.5559816612049957
3331.460674157304,3.561804315796911
3332.209737827716,3.561804315796911
3332.9588014981277,3.561804315796911
3333.7078651685397,3.561804315796911
3334.4569288389516,3.567626970388826
3335.2059925093636,3.561804315796911
3335.955056179776,3.5559816612049957
3336.7041198501875,3.561804315796911
3337.4531835206,3.567626970388826
3338.202247191012,3.561804315796911
3338.9513108614237,3.5559816612049957
3339.7003745318357,3.5559816612049957
3340.4494382022476,3.5559816612049957
3341.1985018726596,3.5559816612049957
3341.9475655430715,3.5559816612049957
3342.6966292134834,3.5559816612049957
3343.4456928838954,3.567626970388826
3344.194756554308,3.567626970388826
3344.9438202247193,3.567626970388826
3345.6928838951317,3.567626970388826
3346.4419475655436,3.567626970388826
3347.1910112359556,3.567626970388826
3347.9400749063675,3.567626970388826
3348.6891385767794,3.567626970388826
3349.4382022471914,3.567626970388826
3350.1872659176033,3.567626970388826
3350.9363295880153,3.567626970388826
3351.685393258427,3.567626970388826
3352.4344569288396,3.573449624980741
3353.1835205992516,3.573449624980741
3353.9325842696635,3.567626970388826
3354.6816479400754,3.567626970388826
3355.4307116104874,3.579272279572656
3356.1797752808993,3.573449624980741
3356.9288389513113,3.573449624980741
3357.677902621723,3.579272279572656
3358.426966292135,3.5850949341645713
3359.1760299625475,3.5850949341645713
3359.925093632959,3.579272279572656
3360.6741573033714,3.579272279572656
3361.4232209737834,3.579272279572656
3362.1722846441953,3.579272279572656
3362.9213483146073,3.579272279572656
3363.670411985019,3.579272279572656
3364.419475655431,3.579272279572656
3365.168539325843,3.579272279572656
3365.917602996255,3.579272279572656
3366.666666666667,3.579272279572656
3367.4157303370794,3.579272279572656
3368.164794007491,3.579272279572656
3368.9138576779033,3.579272279572656
3369.662921348315,3.579272279572656
3370.411985018727,3.579272279572656
3371.161048689139,3.579272279572656
3371.910112359551,3.579272279572656
3372.659176029963,3.5850949341645713
3373.408239700375,3.5850949341645713
3374.157303370787,3.5850949341645713
3374.906367041199,3.5850949341645713
3375.655430711611,3.5909175887564864
3376.4044943820227,3.5850949341645713
3377.153558052435,3.5850949341645713
3377.902621722847,3.5909175887564864
3378.651685393259,3.5909175887564864
3379.400749063671,3.5850949341645713
3380.149812734083,3.5909175887564864
3380.898876404495,3.5909175887564864
3381.6479400749067,3.5909175887564864
3382.3970037453187,3.5909175887564864
3383.1460674157306,3.5909175887564864
3383.895131086143,3.5909175887564864
3384.644194756555,3.5967402433484033
3385.393258426967,3.5967402433484033
3386.142322097379,3.5967402433484033
3386.891385767791,3.6025628979403184
3387.6404494382027,3.6025628979403184
3388.3895131086147,3.5967402433484033
3389.1385767790266,3.6025628979403184
3389.8876404494385,3.6025628979403184
3390.636704119851,3.6025628979403184
3391.3857677902624,3.6025628979403184
3392.134831460675,3.6083855525322335
3392.883895131087,3.6083855525322335
3393.6329588014987,3.6083855525322335
3394.3820224719107,3.6083855525322335
3395.1310861423226,3.6083855525322335
3395.8801498127345,3.6142082071241486
3396.6292134831465,3.6142082071241486
3397.3782771535584,3.6083855525322335
3398.1273408239704,3.6083855525322335
3398.8764044943828,3.6083855525322335
3399.6254681647943,3.6142082071241486
3400.3745318352067,3.6142082071241486
3401.1235955056186,3.6142082071241486
3401.8726591760305,3.6142082071241486
3402.6217228464425,3.6142082071241486
3403.3707865168544,3.6142082071241486
3404.1198501872664,3.6083855525322335
3404.8689138576783,3.6200308617160637
3405.6179775280903,3.6200308617160637
3406.367041198502,3.6200308617160637
3407.1161048689146,3.6200308617160637
3407.865168539326,3.6200308617160637
3408.6142322097385,3.6200308617160637
3409.3632958801504,3.6200308617160637
3410.1123595505624,3.6200308617160637
3410.8614232209743,3.6200308617160637
3411.6104868913862,3.625853516307979
3412.359550561798,3.6200308617160637
3413.10861423221,3.6142082071241486
3413.8576779026225,3.6200308617160637
3414.606741573034,3.6200308617160637
3415.3558052434464,3.6200308617160637
3416.1048689138584,3.6200308617160637
3416.8539325842703,3.625853516307979
3417.6029962546822,3.625853516307979
3418.352059925094,3.625853516307979
3419.101123595506,3.625853516307979
3419.850187265918,3.625853516307979
3420.59925093633,3.625853516307979
3421.348314606742,3.631676170899894
3422.0973782771543,3.637498825491809
3422.846441947566,3.631676170899894
3423.5955056179782,3.637498825491809
3424.34456928839,3.637498825491809
3425.093632958802,3.637498825491809
3425.842696629214,3.637498825491809
3426.591760299626,3.637498825491809
3427.340823970038,3.637498825491809
3428.08988764045,3.637498825491809
3428.838951310862,3.637498825491809
3429.588014981274,3.637498825491809
3430.337078651686,3.637498825491809
3431.0861423220977,3.637498825491809
3431.83520599251,3.637498825491809
3432.584269662922,3.643321480083724
3433.333333333334,3.643321480083724
3434.082397003746,3.649144134675641
3434.831460674158,3.643321480083724
3435.5805243445698,3.643321480083724
3436.3295880149817,3.643321480083724
3437.0786516853937,3.643321480083724
3437.8277153558056,3.643321480083724
3438.576779026218,3.649144134675641
3439.32584269663,3.649144134675641
3440.074906367042,3.649144134675641
3440.823970037454,3.649144134675641
3441.5730337078658,3.649144134675641
3442.3220973782777,3.654966789267556
3443.0711610486896,3.654966789267556
3443.8202247191016,3.654966789267556
3444.5692883895135,3.654966789267556
3445.318352059926,3.6607894438594712
3446.0674157303374,3.6607894438594712
3446.81647940075,3.654966789267556
3447.5655430711613,3.654966789267556
3448.3146067415737,3.654966789267556
3449.0636704119856,3.6666120984513864
3449.8127340823976,3.6607894438594712
3450.5617977528095,3.6607894438594712
3451.3108614232215,3.6607894438594712
3452.059925093634,3.6607894438594712
3452.8089887640454,3.6666120984513864
3453.5580524344577,3.6666120984513864
3454.3071161048692,3.6666120984513864
3455.0561797752816,3.6666120984513864
3455.805243445693,3.6724347530433015
3456.5543071161055,3.6724347530433015
3457.3033707865175,3.6724347530433015
3458.0524344569294,3.6782574076352166
3458.8014981273413,3.7306612989624544
3459.5505617977533,3.765597226513947
3460.2996254681657,3.783065190289692
3461.048689138577,3.7888878448816072
3461.7977528089896,3.8645823545765072
3462.546816479401,3.8878729729441677
3463.2958801498135,3.8995182821279997
3464.0449438202254,3.9519221734552374
3464.7940074906373,3.986858101006728
3465.5430711610493,4.004326064782474
3466.292134831461,4.027616683150136
3467.041198501873,4.027616683150136
3467.790262172285,4.027616683150136
3468.5393258426975,4.027616683150136
3469.288389513109,4.015971373966305
3470.0374531835214,4.0217940285582205
3470.786516853933,4.015971373966305
3471.5355805243453,4.0217940285582205
3472.284644194757,4.015971373966305
3473.033707865169,4.015971373966305
3473.782771535581,4.0217940285582205
3474.531835205993,4.0217940285582205
3475.280898876405,4.0217940285582205
3476.029962546817,4.015971373966305
3476.7790262172293,4.015971373966305
3477.528089887641,4.015971373966305
3478.277153558053,4.015971373966305
3479.0262172284647,4.015971373966305
3479.775280898877,4.015971373966305
3480.524344569289,4.0217940285582205
3481.273408239701,4.0217940285582205
3482.022471910113,4.015971373966305
3482.771535580525,4.015971373966305
3483.5205992509373,4.015971373966305
3484.2696629213488,4.015971373966305
3485.018726591761,4.0217940285582205
3485.7677902621726,4.0217940285582205
3486.516853932585,4.0217940285582205
3487.265917602997,4.015971373966305
3488.014981273409,4.0217940285582205
3488.764044943821,4.027616683150136
3489.513108614233,4.027616683150136
3490.2621722846447,4.027616683150136
3491.0112359550567,4.027616683150136
3491.760299625469,4.0217940285582205
3492.5093632958806,4.0217940285582205
3493.258426966293,4.0217940285582205
3494.0074906367045,4.0217940285582205
3494.756554307117,4.0217940285582205
3495.505617977529,4.027616683150136
3496.2546816479407,4.0217940285582205
3497.0037453183527,4.0217940285582205
3497.7528089887646,4.0217940285582205
3498.5018726591766,4.027616683150136
3499.2509363295885,4.027616683150136
3500.000000000001,4.027616683150136
3500.7490636704124,4.027616683150136
3501.498127340825,4.027616683150136
3502.2471910112363,4.027616683150136
3502.9962546816487,4.027616683150136
3503.7453183520606,4.027616683150136
3504.4943820224726,4.027616683150136
3505.2434456928845,4.027616683150136
3505.9925093632964,4.027616683150136
3506.7415730337084,4.033439337742051
3507.4906367041203,4.033439337742051
3508.2397003745327,4.039261992333967
3508.988764044944,4.033439337742051
3509.7378277153566,4.039261992333967
3510.486891385768,4.033439337742051
3511.2359550561805,4.027616683150136
3511.9850187265924,4.027616683150136
3512.7340823970044,4.027616683150136
3513.4831460674163,4.033439337742051
3514.2322097378283,4.033439337742051
3514.9812734082407,4.033439337742051
3515.730337078652,4.033439337742051
3516.4794007490646,4.033439337742051
3517.228464419476,4.039261992333967
3517.9775280898884,4.039261992333967
3518.7265917603004,4.039261992333967
3519.4756554307123,4.045084646925882
3520.2247191011243,4.045084646925882
3520.973782771536,4.045084646925882
3521.722846441948,4.050907301517797
3522.47191011236,4.050907301517797
3523.2209737827725,4.045084646925882
3523.970037453184,4.045084646925882
3524.7191011235964,4.045084646925882
3525.468164794008,4.045084646925882
3526.2172284644203,4.050907301517797
3526.966292134832,4.050907301517797
3527.715355805244,4.050907301517797
3528.464419475656,4.050907301517797
3529.213483146068,4.050907301517797
3529.96254681648,4.056729956109712
3530.711610486892,4.056729956109712
3531.4606741573043,4.062552610701627
3532.209737827716,4.062552610701627
3532.958801498128,4.056729956109712
3533.7078651685397,4.056729956109712
3534.456928838952,4.056729956109712
3535.205992509364,4.062552610701627
3535.955056179776,4.068375265293543
3536.704119850188,4.068375265293543
3537.4531835206,4.068375265293543
3538.2022471910122,4.068375265293543
3538.9513108614237,4.068375265293543
3539.700374531836,4.068375265293543
3540.4494382022476,4.068375265293543
3541.19850187266,4.074197919885458
3541.9475655430715,4.074197919885458
3542.696629213484,4.074197919885458
3543.445692883896,4.074197919885458
3544.194756554308,4.074197919885458
3544.9438202247197,4.074197919885458
3545.6928838951317,4.074197919885458
3546.441947565544,4.074197919885458
3547.1910112359556,4.080020574477373
3547.940074906368,4.080020574477373
3548.6891385767794,4.074197919885458
3549.438202247192,4.080020574477373
3550.187265917604,4.080020574477373
3550.9363295880157,4.080020574477373
3551.6853932584277,4.0858432290692885
3552.4344569288396,4.080020574477373
3553.1835205992516,4.080020574477373
3553.9325842696635,4.080020574477373
3554.681647940076,4.0858432290692885
3555.4307116104874,4.0858432290692885
3556.1797752809,4.080020574477373
3556.9288389513113,4.080020574477373
3557.6779026217237,4.080020574477373
3558.4269662921356,4.080020574477373
3559.1760299625475,4.0858432290692885
3559.9250936329595,4.0858432290692885
3560.6741573033714,4.0858432290692885
3561.4232209737834,4.0858432290692885
3562.1722846441953,4.0858432290692885
3562.9213483146077,4.0858432290692885
3563.670411985019,4.0858432290692885
3564.4194756554316,4.0858432290692885
3565.168539325843,4.0916658836612045
3565.9176029962555,4.0916658836612045
3566.6666666666674,4.0916658836612045
3567.4157303370794,4.0916658836612045
3568.1647940074913,4.103311192845035
3568.9138576779033,4.149892429580357
3569.6629213483156,4.20811897549951
3570.411985018727,4.213941630091425
3571.1610486891395,4.243054903051003
3571.910112359551,4.266345521418663
3572.6591760299634,4.2896361397863245
3573.4082397003754,4.312926758153986
3574.1573033707873,4.353685340297393
3574.9063670411992,4.376975958665055
3575.655430711611,4.376975958665055
3576.404494382023,4.376975958665055
3577.153558052435,4.37115330407314
3577.9026217228475,4.37115330407314
3578.651685393259,4.365330649481224
3579.4007490636714,4.365330649481224
3580.149812734083,4.365330649481224
3580.8988764044952,4.365330649481224
3581.647940074907,4.365330649481224
3582.397003745319,4.365330649481224
3583.146067415731,4.365330649481224
3583.895131086143,4.3595079948893085
3584.644194756555,4.365330649481224
3585.393258426967,4.365330649481224
3586.1423220973793,4.365330649481224
3586.891385767791,4.3595079948893085
3587.640449438203,4.365330649481224
3588.3895131086147,4.3595079948893085
3589.138576779027,4.353685340297393
3589.887640449439,4.353685340297393
3590.636704119851,4.353685340297393
3591.385767790263,4.353685340297393
3592.134831460675,4.353685340297393
3592.8838951310872,4.353685340297393
3593.6329588014987,4.353685340297393
3594.382022471911,4.353685340297393
3595.1310861423226,4.353685340297393
3595.880149812735,4.353685340297393
3596.6292134831465,4.353685340297393
3597.378277153559,4.365330649481224
3598.127340823971,4.365330649481224
3598.8764044943828,4.3595079948893085
3599.6254681647947,4.3595079948893085
3600.3745318352067,4.365330649481224
3601.123595505619,4.353685340297393
3601.8726591760305,4.353685340297393
3602.621722846443,4.3595079948893085
3603.3707865168544,4.365330649481224
3604.119850187267,4.365330649481224
3604.8689138576788,4.365330649481224
3605.6179775280907,4.365330649481224
3606.3670411985026,4.365330649481224
3607.1161048689146,4.365330649481224
3607.8651685393265,4.365330649481224
3608.6142322097385,4.365330649481224
3609.363295880151,4.365330649481224
3610.1123595505624,4.365330649481224
3610.8614232209748,4.365330649481224
3611.6104868913862,4.365330649481224
3612.3595505617986,4.365330649481224
3613.1086142322106,4.365330649481224
3613.8576779026225,4.365330649481224
3614.6067415730345,4.365330649481224
3615.3558052434464,4.365330649481224
3616.1048689138584,4.365330649481224
3616.8539325842703,4.365330649481224
3617.6029962546827,4.365330649481224
3618.352059925094,4.365330649481224
3619.1011235955066,4.37115330407314
3619.850187265918,4.365330649481224
3620.5992509363305,4.365330649481224
3621.3483146067424,4.365330649481224
3622.0973782771543,4.365330649481224
3622.8464419475663,4.365330649481224
3623.5955056179782,4.365330649481224
3624.3445692883906,4.365330649481224
3625.093632958802,4.376975958665055
3625.8426966292145,4.37115330407314
3626.591760299626,4.365330649481224
3627.3408239700384,4.37115330407314
3628.0898876404503,4.376975958665055
3628.8389513108623,4.376975958665055
3629.5880149812742,4.376975958665055
3630.337078651686,4.376975958665055
3631.086142322098,4.376975958665055
3631.83520599251,4.376975958665055
3632.5842696629225,4.37115330407314
3633.333333333334,4.376975958665055
3634.0823970037463,4.376975958665055
3634.831460674158,4.37115330407314
3635.58052434457,4.37115330407314
3636.329588014982,4.376975958665055
3637.078651685394,4.376975958665055
3637.827715355806,4.376975958665055
3638.576779026218,4.376975958665055
3639.32584269663,4.376975958665055
3640.074906367042,4.376975958665055
3640.8239700374543,4.376975958665055
3641.5730337078658,4.376975958665055
3642.322097378278,4.376975958665055
3643.0711610486896,4.376975958665055
3643.820224719102,4.376975958665055
3644.569288389514,4.376975958665055
3645.318352059926,4.376975958665055
3646.067415730338,4.38279861325697
3646.81647940075,4.376975958665055
3647.5655430711618,4.376975958665055
3648.3146067415737,4.38279861325697
3649.063670411986,4.388621267848885
3649.8127340823976,4.38279861325697
3650.56179775281,4.38279861325697
3651.3108614232215,4.38279861325697
3652.059925093634,4.388621267848885
3652.808988764046,4.388621267848885
3653.5580524344577,4.38279861325697
3654.3071161048697,4.388621267848885
3655.0561797752816,4.388621267848885
3655.805243445694,4.38279861325697
3656.5543071161055,4.38279861325697
3657.303370786518,4.376975958665055
3658.0524344569294,4.376975958665055
3658.801498127342,4.406089231624631
3659.5505617977537,4.423557195400377
3660.2996254681657,4.458493122951869
3661.0486891385776,4.487606395911445
3661.7977528089896,4.4992517050952765
3662.5468164794015,4.528364978054853
3663.2958801498135,4.557478251014429
3664.044943820226,4.574946214790176
3664.7940074906373,4.598236833157837
3665.5430711610497,4.604059487749752
3666.292134831461,4.604059487749752
3667.0411985018736,4.604059487749752
3667.7902621722856,4.604059487749752
3668.5393258426975,4.604059487749752
3669.2883895131095,4.598236833157837
3670.0374531835214,4.598236833157837
3670.7865168539333,4.604059487749752
3671.5355805243453,4.598236833157837
3672.2846441947577,4.592414178565921
3673.033707865169,4.592414178565921
3673.7827715355816,4.586591523974006
3674.531835205993,4.586591523974006
3675.2808988764054,4.586591523974006
3676.0299625468174,4.580768869382091
3676.7790262172293,4.580768869382091
3677.5280898876413,4.580768869382091
3678.277153558053,4.580768869382091
3679.0262172284656,4.580768869382091
3679.775280898877,4.574946214790176
3680.5243445692895,4.580768869382091
3681.273408239701,4.580768869382091
3682.0224719101134,4.580768869382091
3682.771535580525,4.580768869382091
3683.5205992509373,4.580768869382091
3684.269662921349,4.580768869382091
3685.018726591761,4.574946214790176
3685.767790262173,4.56912356019826
3686.516853932585,4.56912356019826
3687.2659176029974,4.574946214790176
3688.014981273409,4.574946214790176
3688.7640449438213,4.580768869382091
3689.513108614233,4.580768869382091
3690.262172284645,4.574946214790176
3691.011235955057,4.574946214790176
3691.760299625469,4.574946214790176
3692.509363295881,4.574946214790176
3693.258426966293,4.574946214790176
3694.007490636705,4.580768869382091
3694.756554307117,4.586591523974006
3695.5056179775293,4.586591523974006
3696.2546816479407,4.586591523974006
3697.003745318353,4.586591523974006
3697.7528089887646,4.586591523974006
3698.501872659177,4.580768869382091
3699.250936329589,4.580768869382091
3700.000000000001,4.580768869382091
3700.749063670413,4.586591523974006
3701.498127340825,4.586591523974006
3702.2471910112367,4.580768869382091
3702.9962546816487,4.586591523974006
3703.745318352061,4.586591523974006
3704.4943820224726,4.586591523974006
3705.243445692885,4.580768869382091
3705.9925093632964,4.580768869382091
3706.741573033709,4.580768869382091
3707.490636704121,4.580768869382091
3708.2397003745327,4.580768869382091
3708.9887640449447,4.580768869382091
3709.7378277153566,4.586591523974006
3710.486891385769,4.580768869382091
3711.2359550561805,4.580768869382091
3711.985018726593,4.580768869382091
3712.7340823970044,4.580768869382091
3713.483146067417,4.586591523974006
3714.2322097378287,4.586591523974006
3714.9812734082407,4.586591523974006
3715.7303370786526,4.580768869382091
3716.4794007490646,4.580768869382091
3717.2284644194765,4.580768869382091
3717.9775280898884,4.580768869382091
3718.726591760301,4.580768869382091
3719.4756554307123,4.580768869382091
3720.2247191011247,4.580768869382091
3720.973782771536,4.586591523974006
3721.7228464419486,4.586591523974006
3722.4719101123605,4.580768869382091
3723.2209737827725,4.580768869382091
3723.9700374531844,4.580768869382091
3724.7191011235964,4.592414178565921
3725.4681647940083,4.586591523974006
3726.2172284644203,4.586591523974006
3726.9662921348327,4.586591523974006
3727.715355805244,4.586591523974006
3728.4644194756565,4.580768869382091
3729.213483146068,4.580768869382091
3729.9625468164804,4.580768869382091
3730.7116104868924,4.586591523974006
3731.4606741573043,4.586591523974006
3732.2097378277163,4.592414178565921
3732.958801498128,4.592414178565921
3733.70786516854,4.627350106117413
3734.456928838952,4.65646337907699
3735.2059925093645,4.66810868826082
3735.955056179776,4.685576652036566
3736.7041198501884,4.714689924996143
3737.4531835206,4.720512579588058
3738.2022471910122,4.732157888771889
3738.951310861424,4.743803197955719
3739.700374531836,4.75544850713955
3740.449438202248,4.7670938163233805
3741.19850187266,4.761271161731465
3741.9475655430724,4.75544850713955
3742.696629213484,4.75544850713955
3743.4456928838963,4.75544850713955
3744.194756554308,4.749625852547635
3744.94382022472,4.749625852547635
3745.692883895132,4.749625852547635
3746.441947565544,4.743803197955719
3747.191011235956,4.743803197955719
3747.940074906368,4.743803197955719
3748.68913857678,4.737980543363804
3749.438202247192,4.720512579588058
3750.1872659176042,4.714689924996143
3750.9363295880157,4.708867270404228
3751.685393258428,4.6972219612203965
3752.4344569288396,4.679753997444651
3753.183520599252,4.66810868826082
3753.932584269664,4.65646337907699
3754.681647940076,4.644818069893159
3755.430711610488,4.6331727607093285
3756.1797752809,4.627350106117413
3756.9288389513117,4.621527451525497
3757.6779026217237,4.609882142341667
3758.426966292136,4.609882142341667
3759.1760299625475,4.604059487749752
3759.92509363296,4.604059487749752
3760.6741573033714,4.598236833157837
3761.423220973784,4.604059487749752
3762.1722846441958,4.598236833157837
3762.9213483146077,4.598236833157837
3763.6704119850197,4.598236833157837
3764.4194756554316,4.592414178565921
3765.168539325844,4.586591523974006
3765.9176029962555,4.592414178565921
3766.666666666668,4.586591523974006
3767.4157303370794,4.586591523974006
3768.1647940074918,4.586591523974006
3768.9138576779033,4.586591523974006
3769.6629213483156,4.580768869382091
3770.4119850187276,4.580768869382091
3771.1610486891395,4.574946214790176
3771.9101123595515,4.580768869382091
3772.6591760299634,4.580768869382091
3773.408239700376,4.580768869382091
3774.1573033707873,4.580768869382091
3774.9063670411997,4.580768869382091
3775.655430711611,4.574946214790176
3776.4044943820236,4.580768869382091
3777.1535580524355,4.580768869382091
3777.9026217228475,4.580768869382091
3778.6516853932594,4.586591523974006
3779.4007490636714,4.586591523974006
3780.1498127340833,4.586591523974006
3780.8988764044952,4.580768869382091
3781.6479400749076,4.580768869382091
3782.397003745319,4.580768869382091
3783.1460674157315,4.586591523974006
3783.895131086143,4.586591523974006
3784.6441947565554,4.586591523974006
3785.3932584269673,4.586591523974006
3786.1423220973793,4.586591523974006
3786.8913857677912,4.586591523974006
3787.640449438203,4.586591523974006
3788.389513108615,4.580768869382091
3789.138576779027,4.574946214790176
3789.8876404494395,4.574946214790176
3790.636704119851,4.56912356019826
3791.3857677902633,4.5633009056063445
3792.134831460675,4.557478251014429
3792.8838951310872,4.557478251014429
3793.632958801499,4.5633009056063445
3794.382022471911,4.5633009056063445
3795.131086142323,4.5633009056063445
3795.880149812735,4.5633009056063445
3796.6292134831474,4.5633009056063445
3797.378277153559,4.56912356019826
3798.1273408239713,4.56912356019826
3798.8764044943828,4.56912356019826
3799.625468164795,4.5633009056063445
3800.374531835207,4.5633009056063445
3801.123595505619,4.557478251014429
3801.872659176031,4.557478251014429
3802.621722846443,4.5633009056063445
3803.370786516855,4.5633009056063445
3804.119850187267,4.5633009056063445
3804.868913857679,4.557478251014429
3805.6179775280907,4.557478251014429
3806.367041198503,4.557478251014429
3807.1161048689146,4.557478251014429
3807.865168539327,4.557478251014429
3808.614232209739,4.557478251014429
3809.363295880151,4.557478251014429
3810.112359550563,4.557478251014429
3810.8614232209748,4.557478251014429
3811.6104868913867,4.557478251014429
3812.3595505617986,4.557478251014429
3813.108614232211,4.609882142341667
3813.8576779026225,4.644818069893159
3814.606741573035,4.662286033668905
3815.3558052434464,4.679753997444651
3816.104868913859,4.691399306628481
3816.8539325842708,4.714689924996143
3817.6029962546827,4.75544850713955
3818.3520599250946,4.761271161731465
3819.1011235955066,4.778739125507212
3819.850187265919,4.778739125507212
3820.5992509363305,4.778739125507212
3821.348314606743,4.778739125507212
3822.0973782771543,4.772916470915296
3822.8464419475667,4.772916470915296
3823.5955056179782,4.778739125507212
3824.3445692883906,4.778739125507212
3825.0936329588026,4.778739125507212
3825.8426966292145,4.772916470915296
3826.5917602996265,4.772916470915296
3827.3408239700384,4.772916470915296
3828.089887640451,4.772916470915296
3828.8389513108623,4.772916470915296
3829.5880149812747,4.778739125507212
3830.337078651686,4.772916470915296
3831.0861423220986,4.772916470915296
3831.8352059925105,4.7670938163233805
3832.5842696629225,4.772916470915296
3833.3333333333344,4.772916470915296
3834.0823970037463,4.7670938163233805
3834.8314606741583,4.7670938163233805
3835.58052434457,4.7670938163233805
3836.3295880149826,4.761271161731465
3837.078651685394,4.75544850713955
3837.8277153558065,4.75544850713955
3838.576779026218,4.75544850713955
3839.3258426966304,4.75544850713955
3840.0749063670423,4.75544850713955
3840.8239700374543,4.761271161731465
3841.573033707866,4.761271161731465
3842.322097378278,4.761271161731465
3843.07116104869,4.761271161731465
3843.820224719102,4.7670938163233805
3844.5692883895144,4.7670938163233805
3845.318352059926,4.7670938163233805
3846.0674157303383,4.761271161731465
3846.81647940075,4.761271161731465
3847.565543071162,4.75544850713955
3848.314606741574,4.75544850713955
3849.063670411986,4.75544850713955
3849.812734082398,4.75544850713955
3850.56179775281,4.75544850713955
3851.3108614232224,4.75544850713955
3852.059925093634,4.75544850713955
3852.8089887640463,4.75544850713955
3853.5580524344577,4.749625852547635
3854.30711610487,4.75544850713955
3855.056179775282,4.761271161731465
3855.805243445694,4.761271161731465
3856.554307116106,4.75544850713955
3857.303370786518,4.75544850713955
3858.05243445693,4.75544850713955
3858.801498127342,4.75544850713955
3859.550561797754,4.749625852547635
3860.2996254681657,4.749625852547635
3861.048689138578,4.749625852547635
3861.7977528089896,4.749625852547635
3862.546816479402,4.749625852547635
3863.295880149814,4.749625852547635
3864.044943820226,4.749625852547635
3864.794007490638,4.743803197955719
3865.5430711610497,4.743803197955719
3866.2921348314617,4.743803197955719
3867.0411985018736,4.749625852547635
3867.790262172286,4.75544850713955
3868.5393258426975,4.749625852547635
3869.28838951311,4.743803197955719
3870.0374531835214,4.743803197955719
3870.786516853934,4.743803197955719
3871.5355805243457,4.737980543363804
3872.2846441947577,4.743803197955719
3873.0337078651696,4.743803197955719
3873.7827715355816,4.743803197955719
3874.5318352059935,4.743803197955719
3875.2808988764054,4.743803197955719
3876.029962546818,4.743803197955719
3876.7790262172293,4.743803197955719
3877.5280898876417,4.743803197955719
3878.277153558053,4.737980543363804
3879.0262172284656,4.732157888771889
3879.7752808988776,4.737980543363804
3880.5243445692895,4.737980543363804
3881.2734082397014,4.743803197955719
3882.0224719101134,4.743803197955719
3882.771535580526,4.737980543363804
3883.5205992509373,4.732157888771889
3884.2696629213497,4.732157888771889
3885.018726591761,4.732157888771889
3885.7677902621735,4.737980543363804
3886.5168539325855,4.737980543363804
3887.2659176029974,4.743803197955719
3888.0149812734094,4.743803197955719
3888.7640449438213,4.732157888771889
3889.5131086142333,4.737980543363804
3890.262172284645,4.732157888771889
3891.0112359550576,4.726335234179974
3891.760299625469,4.720512579588058
3892.5093632958815,4.726335234179974
3893.258426966293,4.714689924996143
3894.0074906367054,4.714689924996143
3894.7565543071173,4.714689924996143
3895.5056179775293,4.720512579588058
3896.254681647941,4.720512579588058
3897.003745318353,4.720512579588058
3897.752808988765,4.720512579588058
3898.501872659177,4.720512579588058
3899.2509363295894,4.714689924996143
3900.000000000001,4.737980543363804
3900.7490636704133,4.761271161731465
3901.498127340825,4.772916470915296
3902.247191011237,4.784561780099127
3902.996254681649,4.790384434691042
3903.745318352061,4.84278832601828
3904.494382022473,4.871901598977856
3905.243445692885,4.877724253569772
3905.9925093632974,4.883546908161687
3906.741573033709,4.889369562753602
3907.4906367041212,4.889369562753602
3908.2397003745327,4.895192217345517
3908.988764044945,4.895192217345517
3909.7378277153566,4.889369562753602
3910.486891385769,4.883546908161687
3911.235955056181,4.871901598977856
3911.985018726593,4.866078944385941
3912.734082397005,4.866078944385941
3913.483146067417,4.854433635202111
3914.232209737829,4.854433635202111
3914.9812734082407,4.854433635202111
3915.730337078653,4.854433635202111
3916.4794007490646,4.854433635202111
3917.228464419477,4.854433635202111
3917.977528089889,4.860256289794026
3918.726591760301,4.866078944385941
3919.475655430713,4.866078944385941
3920.2247191011247,4.866078944385941
3920.9737827715367,4.866078944385941
3921.7228464419486,4.866078944385941
3922.471910112361,4.860256289794026
3923.2209737827725,4.848610980610195
3923.970037453185,4.848610980610195
3924.7191011235964,4.84278832601828
3925.4681647940088,4.84278832601828
3926.2172284644207,4.84278832601828
3926.9662921348327,4.84278832601828
3927.7153558052446,4.84278832601828
3928.4644194756565,4.84278832601828
3929.2134831460685,4.8369656714263645
3929.9625468164804,4.8369656714263645
3930.711610486893,4.8369656714263645
3931.4606741573043,4.8369656714263645
3932.2097378277167,4.8369656714263645
3932.958801498128,4.831143016834449
3933.7078651685406,4.831143016834449
3934.4569288389525,4.831143016834449
3935.2059925093645,4.8369656714263645
3935.9550561797764,4.831143016834449
3936.7041198501884,4.831143016834449
3937.4531835206008,4.831143016834449
3938.2022471910122,4.831143016834449
3938.9513108614246,4.831143016834449
3939.700374531836,4.831143016834449
3940.4494382022485,4.831143016834449
3941.1985018726605,4.831143016834449
3941.9475655430724,4.8369656714263645
3942.6966292134844,4.8369656714263645
3943.4456928838963,4.831143016834449
3944.1947565543082,4.831143016834449
3944.94382022472,4.831143016834449
3945.6928838951326,4.8369656714263645
3946.441947565544,4.84278832601828
3947.1910112359565,4.84278832601828
3947.940074906368,4.8369656714263645
3948.6891385767804,4.831143016834449
3949.4382022471923,4.831143016834449
3950.1872659176042,4.825320362242533
3950.936329588016,4.825320362242533
3951.685393258428,4.825320362242533
3952.43445692884,4.825320362242533
3953.183520599252,4.825320362242533
3953.9325842696644,4.831143016834449
3954.681647940076,4.831143016834449
3955.4307116104883,4.831143016834449
3956.1797752809,4.825320362242533
3956.928838951312,4.819497707650618
3957.677902621724,4.819497707650618
3958.426966292136,4.819497707650618
3959.176029962548,4.825320362242533
3959.92509363296,4.825320362242533
3960.674157303372,4.825320362242533
3961.423220973784,4.825320362242533
3962.172284644196,4.825320362242533
3962.9213483146077,4.825320362242533
3963.67041198502,4.831143016834449
3964.4194756554316,4.825320362242533
3965.168539325844,4.819497707650618
3965.917602996256,4.819497707650618
3966.666666666668,4.825320362242533
3967.41573033708,4.825320362242533
3968.1647940074918,4.819497707650618
3968.913857677904,4.813675053058703
3969.6629213483156,4.813675053058703
3970.411985018728,4.807852398466788
3971.1610486891395,4.807852398466788
3971.910112359552,4.813675053058703
3972.659176029964,4.813675053058703
3973.408239700376,4.807852398466788
3974.1573033707878,4.813675053058703
3974.9063670411997,4.813675053058703
3975.6554307116116,4.819497707650618
3976.4044943820236,4.813675053058703
3977.153558052436,4.813675053058703
3977.9026217228475,4.813675053058703
3978.65168539326,4.819497707650618
3979.4007490636714,4.819497707650618
3980.1498127340838,4.813675053058703
3980.8988764044957,4.819497707650618
3981.6479400749076,4.819497707650618
3982.3970037453196,4.819497707650618
3983.1460674157315,4.819497707650618
3983.8951310861435,4.813675053058703
3984.6441947565554,4.813675053058703
3985.393258426968,4.819497707650618
3986.1423220973793,4.813675053058703
3986.8913857677917,3.841291736208845
3987.640449438203,3.5909175887564864
3988.3895131086156,3.4104152964071126
3989.1385767790275,3.282316895384975
3989.8876404494395,3.154218494362839
3990.6367041198514,3.0494107117083633
3991.3857677902633,2.0188008489393514
3992.1348314606757,1.6053923729133643
3992.8838951310872,1.3375502616852604
3993.6329588014996,1.104644078008647
3994.382022471911,0.9241417856592733
3995.1310861423235,0.7611074570856449
3995.880149812735,0.6155410922877618
3996.6292134831474,0.4757973820817938
3997.3782771535593,0.3535216356515729
3998.1273408239713,0.23706854381326536
3998.876404494383,0.13226076115878982
3999.625468164795,0.027452978504314274
4000.3745318352076,-0.07153214955824616
4001.123595505619,-0.16469462302889148
4001.8726591760314,-0.2520344419076199
4002.621722846443,-0.3277289516025199
4003.3707865168553,-0.40924611588933324
4004.1198501872673,-0.48494062558423323
4004.868913857679,-0.5606351352791314
4005.617977528091,-0.6305069903821163
4006.367041198503,-0.6945561908931843
4007.116104868915,-0.7527827368123372
4007.865168539327,-0.8168319373234052
4008.6142322097394,-0.869235828650643
4009.363295880151,-0.9216397199778825
4010.1123595505633,-0.9682209567132034
4010.8614232209748,-1.026447502632358
4011.610486891387,-1.0672060847757638
4012.359550561799,-1.1021420123272563
4013.108614232211,-1.1429005944706638
4013.857677902623,-1.1778365220221563
4014.606741573035,-1.2069497949817318
4015.355805243447,-1.2360630679413092
4016.104868913859,-1.2651763409008847
4016.853932584271,-1.294289613860462
4017.6029962546827,-1.3175802322281225
4018.352059925095,-1.3408708505957847
4019.1011235955066,-1.35833881437153
4019.850187265919,-1.3758067781472754
4020.599250936331,-1.3932747419230225
4021.348314606743,-1.4107427056987678
4022.097378277155,-1.4282106694745131
4022.8464419475667,-1.4398559786583451
4023.595505617979,-1.4515012878421754
4024.3445692883906,-1.4689692516179207
4025.093632958803,-1.4806145608017527
4025.8426966292145,-1.492259869985583
4026.591760299627,-1.5039051791694131
4027.340823970039,-1.5097278337613282
4028.089887640451,-1.5213731429451585
4028.8389513108627,-1.5330184521289905
4029.5880149812747,-1.5330184521289905
4030.3370786516866,-1.5446637613128207
4031.0861423220986,-1.556309070496651
4031.835205992511,-1.562131725088566
4032.5842696629225,-1.5679543796804811
4033.333333333335,-1.5737770342723962
4034.0823970037463,-1.5795996888643113
4034.8314606741587,-1.5854223434562282
4035.5805243445707,-1.5970676526400585
4036.3295880149826,-1.5970676526400585
4037.0786516853946,-1.6028903072319736
4037.8277153558065,-1.6087129618238887
4038.5767790262184,-1.6087129618238887
4039.3258426966304,-1.620358271007719
4040.074906367043,-1.620358271007719
4040.8239700374543,-1.632003580191551
4041.5730337078667,-1.632003580191551
4042.322097378278,-1.637826234783466
4043.0711610486906,-1.6436488893753811
4043.8202247191025,-1.6436488893753811
4044.5692883895144,-1.6436488893753811
4045.3183520599264,-1.6552941985592113
4046.0674157303383,-1.6552941985592113
4046.8164794007503,-1.6552941985592113
4047.565543071162,-1.6669395077430416
4048.3146067415746,-1.6669395077430416
4049.063670411986,-1.6669395077430416
4049.8127340823985,-1.6727621623349567
4050.56179775281,-1.6785848169268718
4051.3108614232224,-1.6785848169268718
4052.0599250936343,-1.6844074715187887
4052.8089887640463,-1.6844074715187887
4053.558052434458,-1.6902301261107038
4054.30711610487,-1.6902301261107038
4055.0561797752825,-1.6902301261107038
4055.805243445694,-1.696052780702619
4056.5543071161064,-1.701875435294534
4057.303370786518,-1.701875435294534
4058.0524344569303,-1.701875435294534
4058.8014981273423,-1.707698089886449
4059.550561797754,-1.707698089886449
4060.299625468166,-1.7135207444783642
4061.048689138578,-1.7135207444783642
4061.79775280899,-1.7135207444783642
4062.546816479402,-1.7135207444783642
4063.2958801498144,-1.7193433990702793
4064.044943820226,-1.7251660536621944
4064.7940074906383,-1.7251660536621944
4065.5430711610497,-1.7251660536621944
4066.292134831462,-1.7251660536621944
4067.041198501874,-1.7251660536621944
4067.790262172286,-1.7309887082541096
4068.539325842698,-1.7309887082541096
4069.28838951311,-1.7309887082541096
4070.037453183522,-1.7368113628460264
4070.786516853934,-1.7368113628460264
4071.535580524346,-1.7368113628460264
4072.2846441947577,-1.7368113628460264
4073.03370786517,-1.7426340174379416
4073.7827715355816,-1.7426340174379416
4074.531835205994,-1.7426340174379416
4075.280898876406,-1.7426340174379416
4076.029962546818,-1.7426340174379416
4076.77902621723,-1.7426340174379416
4077.5280898876417,-1.7484566720298567
4078.277153558054,-1.7484566720298567
4079.0262172284656,-1.7484566720298567
4079.775280898878,-1.7484566720298567
4080.5243445692895,-1.7484566720298567
4081.273408239702,-1.7542793266217718
4082.0224719101134,-1.7542793266217718
4082.771535580526,-1.7542793266217718
4083.5205992509377,-1.7542793266217718
4084.2696629213497,-1.7542793266217718
4085.0187265917616,-1.7601019812136869
4085.7677902621735,-1.7601019812136869
4086.516853932586,-1.7601019812136869
4087.2659176029974,-1.7601019812136869
4088.01498127341,-1.765924635805602
4088.7640449438213,-1.765924635805602
4089.5131086142337,-1.765924635805602
4090.2621722846457,-1.765924635805602
4091.0112359550576,-1.765924635805602
4091.7602996254695,-1.765924635805602
4092.5093632958815,-1.765924635805602
4093.2584269662934,-1.771747290397517
4094.0074906367054,-1.771747290397517
4094.7565543071178,-1.771747290397517
4095.5056179775293,-1.771747290397517
4096.254681647942,-1.771747290397517
4097.003745318353,-1.771747290397517
4097.7528089887655,-1.771747290397517
4098.501872659177,-1.7775699449894322
4099.250936329589,-1.7775699449894322
4100.000000000002,-1.7775699449894322
4100.749063670413,-1.7775699449894322
4101.498127340825,-1.7775699449894322
4102.247191011237,-1.7775699449894322
4102.99625468165,-1.7775699449894322
4103.745318352061,-1.7775699449894322
4104.4943820224735,-1.7833925995813473
4105.243445692885,-1.7833925995813473
4105.992509363297,-1.7833925995813473
4106.741573033709,-1.7833925995813473
4107.490636704121,-1.7833925995813473
4108.239700374534,-1.7833925995813473
4108.988764044945,-1.7833925995813473
4109.7378277153575,-1.7833925995813473
4110.486891385769,-1.7833925995813473
4111.235955056181,-1.7833925995813473
4111.985018726593,-1.7833925995813473
4112.734082397005,-1.7833925995813473
4113.483146067418,-1.7892152541732642
4114.232209737829,-1.7892152541732642
4114.981273408241,-1.7892152541732642
4115.730337078653,-1.7892152541732642
4116.4794007490655,-1.7892152541732642
4117.228464419477,-1.7892152541732642
4117.977528089889,-1.7892152541732642
4118.726591760301,-1.7892152541732642
4119.475655430713,-1.7892152541732642
4120.224719101125,-1.7892152541732642
4120.973782771537,-1.7892152541732642
4121.7228464419495,-1.7892152541732642
4122.471910112361,-1.7892152541732642
4123.2209737827725,-1.7950379087651793
4123.970037453185,-1.7950379087651793
4124.719101123597,-1.7950379087651793
4125.468164794009,-1.7950379087651793
4126.217228464421,-1.7950379087651793
4126.966292134833,-1.7950379087651793
4127.715355805245,-1.7950379087651793
4128.4644194756565,-1.7950379087651793
4129.213483146069,-1.7950379087651793
4129.962546816481,-1.7950379087651793
4130.711610486893,-1.7950379087651793
4131.460674157304,-1.7950379087651793
4132.209737827717,-1.7950379087651793
4132.958801498129,-1.7950379087651793
4133.707865168541,-1.8008605633570944
4134.456928838953,-1.8008605633570944
4135.2059925093645,-1.8008605633570944
4135.955056179777,-1.8008605633570944
4136.704119850188,-1.8008605633570944
4137.453183520601,-1.8008605633570944
4138.202247191013,-1.8008605633570944
4138.951310861425,-1.8008605633570944
4139.700374531836,-1.8008605633570944
4140.4494382022485,-1.8008605633570944
4141.198501872661,-1.8008605633570944
4141.947565543072,-1.8008605633570944
4142.696629213485,-1.8008605633570944
4143.445692883896,-1.8008605633570944
4144.194756554309,-1.8008605633570944
4144.94382022472,-1.8008605633570944
4145.692883895133,-1.8008605633570944
4146.441947565545,-1.8008605633570944
4147.1910112359565,-1.8008605633570944
4147.940074906368,-1.8008605633570944
4148.68913857678,-1.8008605633570944
4149.438202247193,-1.8066832179490095
4150.187265917604,-1.8066832179490095
4150.936329588017,-1.8066832179490095
4151.685393258428,-1.8066832179490095
4152.4344569288405,-1.8066832179490095
4153.183520599252,-1.8066832179490095
4153.932584269664,-1.8066832179490095
4154.681647940077,-1.8066832179490095
4155.430711610488,-1.8066832179490095
4156.1797752809,-1.8066832179490095
4156.928838951312,-1.8066832179490095
4157.677902621725,-1.8066832179490095
4158.426966292136,-1.8066832179490095
4159.1760299625485,-1.8066832179490095
4159.92509363296,-1.8066832179490095
4160.674157303372,-1.8066832179490095
4161.423220973784,-1.8066832179490095
4162.172284644196,-1.8125058725409247
4162.921348314609,-1.8125058725409247
4163.67041198502,-1.8125058725409247
4164.4194756554325,-1.8125058725409247
4165.168539325844,-1.8066832179490095
4165.917602996256,-1.8125058725409247
4166.666666666668,-1.8125058725409247
4167.41573033708,-1.8125058725409247
4168.164794007493,-1.8125058725409247
4168.913857677904,-1.8125058725409247
4169.662921348316,-1.8125058725409247
4170.411985018728,-1.8125058725409247
4171.16104868914,-1.8125058725409247
4171.910112359552,-1.8125058725409247
4172.659176029964,-1.8125058725409247
4173.408239700376,-1.8125058725409247
4174.157303370788,-1.8125058725409247
4174.9063670412,-1.8125058725409247
4175.655430711612,-1.8125058725409247
4176.4044943820245,-1.8125058725409247
4177.153558052436,-1.8125058725409247
4177.9026217228475,-1.8125058725409247
4178.65168539326,-1.8125058725409247
4179.400749063672,-1.8125058725409247
4180.149812734084,-1.8125058725409247
4180.898876404496,-1.8125058725409247
4181.647940074908,-1.8183285271328398
4182.39700374532,-1.8183285271328398
4183.1460674157315,-1.8183285271328398
4183.895131086144,-1.8183285271328398
4184.644194756556,-1.8183285271328398
4185.393258426968,-1.8183285271328398
4186.142322097379,-1.8183285271328398
4186.891385767792,-1.8183285271328398
4187.640449438204,-1.8183285271328398
4188.389513108616,-1.8183285271328398
4189.138576779028,-1.8183285271328398
4189.8876404494395,-1.8183285271328398
4190.636704119852,-1.8183285271328398
4191.385767790263,-1.8183285271328398
4192.134831460676,-1.8183285271328398
4192.883895131088,-1.8183285271328398
4193.6329588015,-1.8183285271328398
4194.382022471911,-1.8183285271328398
4195.1310861423235,-1.8183285271328398
4195.880149812736,-1.8183285271328398
4196.629213483147,-1.8183285271328398
4197.37827715356,-1.8183285271328398
4198.127340823971,-1.8183285271328398
4198.876404494384,-1.8183285271328398
4199.625468164795,-1.8183285271328398
4200.374531835208,-1.8183285271328398
4201.12359550562,-1.8183285271328398
4201.872659176031,-1.8183285271328398
4202.621722846443,-1.8183285271328398
4203.370786516855,-1.8183285271328398
4204.119850187268,-1.8183285271328398
4204.868913857679,-1.8183285271328398
4205.617977528092,-1.8183285271328398
4206.367041198503,-1.8183285271328398
4207.1161048689155,-1.8183285271328398
4207.865168539327,-1.8183285271328398
4208.614232209739,-1.8183285271328398
4209.363295880152,-1.8183285271328398
4210.112359550563,-1.8183285271328398
4210.861423220975,-1.8183285271328398
4211.610486891387,-1.8241511817247549
4212.3595505618,-1.8241511817247549
4213.108614232211,-1.8241511817247549
4213.857677902623,-1.8241511817247549
4214.606741573035,-1.8183285271328398
4215.355805243447,-1.8183285271328398
4216.104868913859,-1.8241511817247549
4216.853932584271,-1.8241511817247549
4217.602996254684,-1.8241511817247549
4218.352059925095,-1.8241511817247549
4219.1011235955075,-1.8241511817247549
4219.850187265919,-1.8241511817247549
4220.599250936331,-1.8241511817247549
4221.348314606743,-1.8241511817247549
4222.097378277155,-1.8241511817247549
4222.846441947567,-1.8241511817247549
4223.595505617979,-1.8241511817247549
4224.344569288391,-1.8241511817247549
4225.093632958803,-1.8241511817247549
4225.842696629215,-1.8241511817247549
4226.591760299627,-1.8241511817247549
4227.340823970039,-1.8241511817247549
4228.089887640451,-1.8241511817247549
4228.838951310863,-1.8241511817247549
4229.588014981275,-1.8241511817247549
4230.337078651687,-1.8241511817247549
4231.0861423220995,-1.8241511817247549
4231.835205992511,-1.8241511817247549
4232.584269662922,-1.8241511817247549
4233.333333333335,-1.82997383631667
4234.082397003747,-1.82997383631667
4234.831460674159,-1.8241511817247549
4235.580524344571,-1.8241511817247549
4236.329588014983,-1.8241511817247549
4237.078651685395,-1.82997383631667
4237.8277153558065,-1.82997383631667
4238.576779026219,-1.82997383631667
4239.325842696631,-1.82997383631667
4240.074906367043,-1.82997383631667
4240.823970037454,-1.82997383631667
4241.573033707867,-1.82997383631667
4242.322097378279,-1.82997383631667
4243.071161048691,-1.82997383631667
4243.820224719103,-1.82997383631667
4244.569288389514,-1.82997383631667
4245.318352059927,-1.82997383631667
4246.067415730338,-1.82997383631667
4246.816479400751,-1.82997383631667
4247.565543071163,-1.82997383631667
4248.314606741575,-1.82997383631667
4249.063670411986,-1.82997383631667
4249.8127340823985,-1.82997383631667
4250.561797752811,-1.8241511817247549
4251.310861423222,-1.82997383631667
4252.059925093635,-1.82997383631667
4252.808988764046,-1.82997383631667
4253.558052434459,-1.82997383631667
4254.30711610487,-1.82997383631667
4255.0561797752825,-1.82997383631667
4255.805243445695,-1.82997383631667
4256.554307116106,-1.82997383631667
4257.303370786518,-1.847441800092417
4258.05243445693,-1.8532644546843322
4258.801498127343,-1.8532644546843322
4259.550561797754,-1.8590871092762473
4260.299625468167,-1.8532644546843322
4261.048689138578,-1.8590871092762473
4261.7977528089905,-1.8649097638681624
4262.546816479402,-1.8707324184600775
4263.295880149814,-1.8707324184600775
4264.044943820227,-1.8707324184600775
4264.794007490638,-1.8707324184600775
4265.54307116105,-1.8649097638681624
4266.292134831462,-1.847441800092417
4267.0411985018745,-1.841619145500502
4267.790262172286,-1.841619145500502
4268.539325842698,-1.841619145500502
4269.28838951311,-1.841619145500502
4270.037453183522,-1.841619145500502
4270.786516853934,-1.8649097638681624
4271.535580524346,-1.8649097638681624
4272.284644194759,-1.8707324184600775
4273.03370786517,-1.8765550730519927
4273.782771535582,-1.8707324184600775
4274.531835205994,-1.8707324184600775
