run,k_min,k_max,S_min,S_max,rmse_Pa
1,6.158000e-16,1.730800e-14,2.010000e-10,7.983300e-10,1.200188e+06
2,1.947331e-15,1.730800e-14,2.010000e-10,7.983300e-10,1.385950e+06
3,6.158000e-16,5.473270e-14,2.010000e-10,7.983300e-10,2.291880e+06
4,6.158000e-16,1.730800e-14,6.356178e-10,7.983300e-10,1.352344e+06
5,6.158000e-16,1.730800e-14,2.010000e-10,2.524541e-09,1.397185e+06
6,1.095064e-15,5.473270e-15,3.574342e-10,1.419654e-09,8.260716e+05
7,1.460292e-15,1.730800e-15,4.766461e-10,1.893139e-09,3.647649e+06
8,1.460292e-15,9.733004e-15,4.766461e-10,3.366530e-10,6.321316e+05
9,2.248742e-15,7.298723e-15,7.340000e-10,1.229370e-10,8.851493e+05
10,3.998892e-16,7.298723e-15,7.340000e-10,6.913253e-10,4.233769e+05
11,1.812131e-16,4.739657e-15,1.402639e-09,6.433280e-10,1.495535e+06
12,1.019036e-15,4.739657e-15,2.494285e-10,6.433280e-10,1.623147e+06
13,6.984369e-16,1.252051e-14,5.030760e-10,7.563886e-10,8.618654e+05
14,1.085259e-15,4.031200e-15,1.247857e-09,6.262009e-10,1.645077e+06
15,7.095175e-16,1.202386e-14,3.172767e-10,7.513032e-10,7.099689e+05
16,9.644149e-16,5.460977e-15,3.959402e-10,6.586980e-10,1.116846e+06
17,7.571142e-16,1.017499e-14,4.738409e-10,7.306852e-10,5.342370e+05
18,5.114607e-16,1.703291e-14,6.416311e-10,2.517809e-10,1.226710e+06
19,9.052798e-16,7.269548e-15,4.137313e-10,9.212819e-10,4.191670e+05
20,8.916587e-16,6.028702e-15,8.254358e-10,5.268398e-10,8.208584e+05
21,7.512284e-16,1.011786e-14,4.029485e-10,6.875133e-10,4.758076e+05
22,3.107336e-16,7.593494e-15,5.051871e-10,1.680199e-09,1.801698e+05
23,1.433384e-16,6.707165e-15,5.200921e-10,3.753616e-09,2.481581e+05
24,3.839547e-16,6.274922e-15,5.247175e-10,1.173892e-09,6.741871e+05
25,6.389120e-16,9.016803e-15,4.860778e-10,8.226304e-10,3.365595e+05
26,3.568649e-16,5.957108e-15,6.776988e-10,1.364706e-09,7.102509e+05
27,6.236702e-16,8.862892e-15,4.588770e-10,8.160572e-10,2.952694e+05
28,8.372282e-16,9.100005e-15,2.941645e-10,1.474541e-09,4.406427e+05
29,4.810229e-16,7.712507e-15,5.840091e-10,8.354608e-10,2.990521e+05
30,2.695828e-16,9.410772e-15,6.200384e-10,1.053692e-09,3.419873e+05
31,3.649344e-16,8.822583e-15,5.603941e-10,1.018904e-09,2.452046e+05
32,2.886828e-16,7.505016e-15,5.666632e-10,1.313305e-09,2.599649e+05
33,2.970460e-16,8.655391e-15,4.645837e-10,1.621303e-09,2.041686e+05
34,1.581135e-16,7.443247e-15,5.949371e-10,2.339598e-09,2.073508e+05
35,2.527999e-16,8.753699e-15,4.936457e-10,1.940368e-09,2.611695e+05
36,2.792607e-16,7.799408e-15,5.474540e-10,1.447922e-09,1.854787e+05
37,1.749365e-16,7.001328e-15,4.933713e-10,2.981414e-09,2.252228e+05
38,2.102394e-16,7.417956e-15,5.093353e-10,2.279555e-09,1.803681e+05
39,4.655852e-16,8.284660e-15,4.299943e-10,1.281648e-09,1.832531e+05
40,3.102644e-16,6.970187e-15,5.297479e-10,1.644365e-09,3.400581e+05
41,3.002969e-16,8.199287e-15,4.800818e-10,1.627038e-09,1.466051e+05
42,3.422286e-16,7.930977e-15,4.209877e-10,1.951836e-09,1.277449e+05
43,3.788519e-16,7.997592e-15,3.691733e-10,2.266170e-09,1.538998e+05
44,1.759890e-16,7.305327e-15,5.303439e-10,2.721179e-09,1.823914e+05
45,2.244471e-16,7.538734e-15,5.032501e-10,2.254291e-09,1.554560e+05
46,4.026897e-16,8.225024e-15,4.450477e-10,1.521444e-09,1.676680e+05
47,3.101612e-16,8.362335e-15,4.211486e-10,1.964232e-09,1.724901e+05
48,3.103042e-16,8.163118e-15,4.407472e-10,1.889012e-09,1.426890e+05
49,2.100941e-16,7.691153e-15,4.757430e-10,2.417058e-09,1.354839e+05
50,3.646870e-16,8.475723e-15,4.090623e-10,1.689162e-09,1.810256e+05
51,2.534052e-16,7.762793e-15,4.778430e-10,2.097372e-09,1.319754e+05
52,2.503894e-16,7.582633e-15,4.278023e-10,2.657190e-09,1.136448e+05
53,2.286380e-16,7.291922e-15,4.038378e-10,3.395746e-09,1.112961e+05
54,2.079981e-16,7.198351e-15,4.460438e-10,3.068568e-09,1.524900e+05
55,2.807732e-16,7.910434e-15,4.420654e-10,2.132603e-09,1.223818e+05
56,3.551437e-16,7.748222e-15,3.983379e-10,2.252656e-09,1.254923e+05
57,3.485753e-16,7.669508e-15,3.620946e-10,2.690397e-09,1.263814e+05
58,2.604870e-16,7.382088e-15,3.811660e-10,3.394180e-09,1.056764e+05
59,2.272590e-16,7.122058e-15,3.626908e-10,4.475901e-09,1.107108e+05
60,2.210805e-16,7.489352e-15,4.546819e-10,2.765802e-09,1.267431e+05
61,3.110714e-16,7.624067e-15,3.833041e-10,2.709053e-09,1.125972e+05
62,2.030818e-16,7.353635e-15,4.054375e-10,3.622462e-09,1.148931e+05
63,2.184627e-16,6.944719e-15,3.498708e-10,4.986958e-09,1.087200e+05
64,3.132672e-16,7.259876e-15,3.543743e-10,3.444750e-09,1.141603e+05
65,2.810955e-16,7.283203e-15,3.665031e-10,3.488344e-09,1.065058e+05
66,1.944119e-16,6.844039e-15,3.665303e-10,5.226909e-09,1.099644e+05
67,2.439055e-16,6.932540e-15,3.314345e-10,5.173473e-09,1.202084e+05
68,2.323629e-16,7.200366e-15,3.843746e-10,3.772654e-09,1.062212e+05
69,3.135951e-16,7.576053e-15,3.739532e-10,2.855443e-09,1.137430e+05
70,2.190960e-16,7.020129e-15,3.683721e-10,4.493679e-09,1.062143e+05
71,2.794752e-16,7.506647e-15,4.019841e-10,2.840965e-09,1.081295e+05
72,2.627857e-16,7.362040e-15,3.882698e-10,3.270080e-09,1.053457e+05
73,2.100103e-16,7.196413e-15,3.949726e-10,3.932346e-09,1.104623e+05
74,2.613368e-16,7.261408e-15,3.734221e-10,3.594408e-09,1.046271e+05
75,2.694292e-16,7.309995e-15,3.712039e-10,3.549068e-09,1.061375e+05
76,3.168708e-16,7.650901e-15,3.888154e-10,2.647984e-09,1.156458e+05
77,2.402682e-16,7.172771e-15,3.733799e-10,3.937136e-09,1.046978e+05
78,2.433311e-16,7.278226e-15,3.869784e-10,3.531312e-09,1.055124e+05
79,2.432552e-16,7.156267e-15,3.797269e-10,3.766312e-09,1.064840e+05
80,2.560679e-16,7.324973e-15,3.808057e-10,3.483615e-09,1.047735e+05
81,2.671340e-16,7.281662e-15,3.710284e-10,3.595523e-09,1.055706e+05
82,2.490753e-16,7.279085e-15,3.829278e-10,3.547256e-09,1.048025e+05
83,2.408183e-16,7.158090e-15,3.672417e-10,4.043961e-09,1.048172e+05
84,2.461317e-16,7.208541e-15,3.723895e-10,3.834818e-09,1.044956e+05
85,2.525685e-16,7.204500e-15,3.672054e-10,3.876134e-09,1.049977e+05
86,2.499440e-16,7.260366e-15,3.789352e-10,3.626763e-09,1.045334e+05
87,2.427161e-16,7.127723e-15,3.683436e-10,4.027223e-09,1.046221e+05
88,2.599910e-16,7.256076e-15,3.731271e-10,3.603862e-09,1.045036e+05
89,2.384147e-16,7.164872e-15,3.729376e-10,3.952678e-09,1.046841e+05
90,2.554075e-16,7.237153e-15,3.733009e-10,3.680810e-09,1.044478e+05
91,2.633314e-16,7.355072e-15,3.806151e-10,3.372734e-09,1.048529e+05
92,2.477134e-16,7.183893e-15,3.713738e-10,3.852563e-09,1.044466e+05
93,2.545727e-16,7.182570e-15,3.662666e-10,3.859970e-09,1.046006e+05
94,2.510932e-16,7.240839e-15,3.757275e-10,3.683709e-09,1.044245e+05
95,2.405108e-16,7.179267e-15,3.732618e-10,3.927295e-09,1.046856e+05
96,2.549778e-16,7.236797e-15,3.731608e-10,3.682133e-09,1.044079e+05
97,2.585787e-16,7.240758e-15,3.743883e-10,3.616548e-09,1.046061e+05
98,2.491861e-16,7.216582e-15,3.728882e-10,3.779046e-09,1.044138e+05
99,2.461341e-16,7.201875e-15,3.732677e-10,3.817816e-09,1.044339e+05
100,2.529688e-16,7.264343e-15,3.761601e-10,3.631125e-09,1.044173e+05
101,2.581026e-16,7.277564e-15,3.756987e-10,3.573462e-09,1.044960e+05
102,2.490731e-16,7.220723e-15,3.738740e-10,3.755204e-09,1.043983e+05
103,2.519852e-16,7.228341e-15,3.723174e-10,3.739322e-09,1.043811e+05
104,2.524324e-16,7.222101e-15,3.706239e-10,3.767442e-09,1.044038e+05
105,2.496302e-16,7.187077e-15,3.699848e-10,3.849575e-09,1.044280e+05
106,2.521300e-16,7.244949e-15,3.746067e-10,3.684547e-09,1.043907e+05
107,2.549122e-16,7.248848e-15,3.740903e-10,3.652353e-09,1.043797e+05
108,2.578243e-16,7.265035e-15,3.746928e-10,3.590609e-09,1.044135e+05
109,2.490899e-16,7.234615e-15,3.742823e-10,3.733293e-09,1.043970e+05
110,2.550036e-16,7.257692e-15,3.737722e-10,3.649954e-09,1.043905e+05
111,2.579955e-16,7.255299e-15,3.731100e-10,3.630166e-09,1.044452e+05
112,2.512870e-16,7.239781e-15,3.739888e-10,3.707240e-09,1.043755e+05
113,2.544582e-16,7.242365e-15,3.724793e-10,3.689502e-09,1.043663e+05
114,2.556304e-16,7.241074e-15,3.714202e-10,3.691982e-09,1.043750e+05
115,2.513216e-16,7.222012e-15,3.726647e-10,3.744593e-09,1.043656e+05
116,2.495007e-16,7.204239e-15,3.721122e-10,3.792829e-09,1.043863e+05
117,2.539969e-16,7.248162e-15,3.742954e-10,3.657675e-09,1.043592e+05
118,2.550088e-16,7.258092e-15,3.752883e-10,3.617523e-09,1.043722e+05
119,2.506293e-16,7.227315e-15,3.726236e-10,3.747497e-09,1.043604e+05
120,2.539120e-16,7.230134e-15,3.720437e-10,3.712007e-09,1.043526e+05
121,2.552347e-16,7.225316e-15,3.710750e-10,3.714392e-09,1.043725e+05
122,2.504784e-16,7.221448e-15,3.733330e-10,3.741210e-09,1.043638e+05
123,2.531786e-16,7.241516e-15,3.734817e-10,3.684504e-09,1.043341e+05
124,2.541122e-16,7.251288e-15,3.738908e-10,3.654822e-09,1.043241e+05
125,2.558670e-16,7.257030e-15,3.730916e-10,3.645009e-09,1.043558e+05
126,2.583711e-16,7.266030e-15,3.740365e-10,3.588790e-09,1.043880e+05
127,2.525427e-16,7.236974e-15,3.729763e-10,3.707174e-09,1.043430e+05
128,2.542146e-16,7.239538e-15,3.717092e-10,3.701716e-09,1.043332e+05
129,2.515404e-16,7.221972e-15,3.722170e-10,3.743363e-09,1.043337e+05
130,2.522907e-16,7.244744e-15,3.733523e-10,3.691292e-09,1.043156e+05
131,2.514839e-16,7.252060e-15,3.740083e-10,3.680978e-09,1.043180e+05
132,2.535320e-16,7.241781e-15,3.726064e-10,3.688178e-09,1.042964e+05
133,2.540280e-16,7.244186e-15,3.724216e-10,3.678716e-09,1.042749e+05
134,2.557977e-16,7.267977e-15,3.734691e-10,3.620846e-09,1.043081e+05
135,2.538937e-16,7.264569e-15,3.748636e-10,3.621366e-09,1.042900e+05
136,2.538868e-16,7.259436e-15,3.731608e-10,3.651005e-09,1.042611e+05
137,2.537742e-16,7.263513e-15,3.727963e-10,3.649097e-09,1.042387e+05
1,2.537700e-16,7.263500e-15,3.728000e-10,3.649100e-09,1.042387e+05
2,8.024912e-16,7.263500e-15,3.728000e-10,3.649100e-09,4.223569e+05
3,2.537700e-16,2.296920e-14,3.728000e-10,3.649100e-09,1.753290e+06
4,2.537700e-16,7.263500e-15,1.178897e-09,3.649100e-09,3.947152e+05
5,2.537700e-16,7.263500e-15,3.728000e-10,1.153947e-08,6.038152e+05
6,4.512740e-16,2.296920e-15,6.629426e-10,6.489119e-09,2.172923e+06
7,2.930490e-16,1.291653e-14,4.305027e-10,4.213915e-09,1.115147e+06
8,3.907872e-16,4.084566e-15,5.740846e-10,5.619346e-09,9.297118e+05
9,3.636556e-16,5.446857e-15,5.342271e-10,5.229206e-09,3.685995e+05
10,5.402133e-16,6.289932e-15,7.935986e-10,1.381372e-09,5.125773e+05
11,4.472332e-16,6.520350e-15,6.570065e-10,2.348440e-09,3.155675e+05
12,1.275299e-16,5.959481e-15,1.053532e-09,3.504351e-09,4.423099e+05
13,5.066794e-16,6.912921e-15,4.833580e-10,3.612362e-09,2.399142e+05
14,5.698475e-16,5.813883e-15,2.133262e-10,3.486666e-09,4.840538e+05
15,3.106489e-16,6.870305e-15,7.688967e-10,3.607796e-09,2.289032e+05
16,3.675348e-16,8.707256e-15,5.647618e-10,2.020987e-09,3.487109e+05
17,3.665611e-16,7.743681e-15,5.569683e-10,2.563194e-09,2.194503e+05
18,2.705583e-16,7.926739e-15,4.228165e-10,4.701330e-09,3.420638e+05
19,3.944262e-16,6.846630e-15,5.884577e-10,2.793443e-09,2.114995e+05
20,2.107065e-16,7.440662e-15,6.341265e-10,2.687715e-09,1.767577e+05
21,2.830384e-16,7.791389e-15,3.620185e-10,2.322754e-09,1.027891e+05
22,2.701674e-16,8.297253e-15,2.484060e-10,1.863734e-09,1.168218e+05
23,2.107746e-16,6.933893e-15,4.029197e-10,3.112250e-09,2.202882e+05
24,3.192011e-16,7.532773e-15,5.136620e-10,2.690635e-09,1.556306e+05
25,1.762171e-16,8.225964e-15,3.562992e-10,2.802681e-09,1.673929e+05
26,3.016624e-16,7.958655e-15,2.478412e-10,2.974579e-09,1.444626e+05
27,4.719406e-16,7.080940e-15,3.678867e-10,2.938738e-09,1.841201e+05
28,2.254281e-16,7.923423e-15,3.591614e-10,2.836093e-09,1.242835e+05
29,2.189490e-16,7.930522e-15,2.133818e-10,3.142771e-09,1.410206e+05
30,1.973773e-16,7.492867e-15,4.103489e-10,2.922037e-09,1.290062e+05
31,2.581977e-16,7.309018e-15,6.609481e-10,2.666766e-09,1.838305e+05
32,2.281631e-16,7.770359e-15,2.830805e-10,3.016343e-09,1.120936e+05
33,3.079444e-16,7.877880e-15,2.854630e-10,2.914134e-09,1.328199e+05
34,2.205926e-16,7.587319e-15,3.747593e-10,2.920059e-09,1.100961e+05
35,2.667184e-16,7.290080e-15,3.331539e-10,3.046563e-09,1.280156e+05
36,2.351090e-16,7.760107e-15,3.524751e-10,2.887307e-09,1.077399e+05
37,2.675023e-16,7.428777e-15,4.716652e-10,2.802567e-09,1.240932e+05
38,2.374192e-16,7.683519e-15,3.216184e-10,2.961417e-09,1.041439e+05
39,2.870413e-16,7.656072e-15,3.300544e-10,2.915407e-09,1.050405e+05
40,2.975800e-16,7.435254e-15,3.395769e-10,2.962791e-09,1.073402e+05
41,2.805563e-16,7.515169e-15,3.427565e-10,2.943737e-09,1.025933e+05
42,2.409719e-16,7.466617e-15,3.695567e-10,2.948456e-09,1.103562e+05
43,2.747577e-16,7.608262e-15,3.395154e-10,2.923634e-09,1.015806e+05
44,2.836124e-16,8.054780e-15,3.122357e-10,2.108515e-09,9.992404e+04
45,2.998250e-16,8.482182e-15,2.857497e-10,1.602773e-09,1.013319e+05
46,3.313252e-16,7.796259e-15,3.566057e-10,2.192307e-09,1.088708e+05
47,2.580480e-16,7.711550e-15,3.300295e-10,2.746945e-09,1.011212e+05
48,2.653705e-16,7.648828e-15,3.024889e-10,3.039632e-09,1.044235e+05
49,2.785141e-16,7.755502e-15,3.461190e-10,2.484321e-09,1.009020e+05
50,2.667419e-16,8.055761e-15,3.210512e-10,2.203331e-09,1.011746e+05
51,2.683689e-16,8.187861e-15,3.151796e-10,1.925901e-09,1.013387e+05
52,2.699521e-16,8.038948e-15,3.210949e-10,2.137747e-09,1.005264e+05
53,2.780920e-16,7.724949e-15,3.333287e-10,2.517188e-09,1.021308e+05
54,2.695353e-16,7.971753e-15,3.240775e-10,2.277921e-09,1.003155e+05
55,2.937899e-16,8.204774e-15,3.213234e-10,1.838610e-09,9.944786e+04
56,3.134765e-16,8.463093e-15,3.170569e-10,1.504214e-09,1.010340e+05
57,2.795665e-16,8.391253e-15,2.952081e-10,1.748932e-09,1.020812e+05
58,2.787768e-16,7.909775e-15,3.326221e-10,2.275616e-09,9.997788e+04
59,2.931099e-16,8.030081e-15,3.238762e-10,2.096987e-09,9.964880e+04
60,3.061322e-16,8.127338e-15,3.207957e-10,1.888173e-09,9.994280e+04
1,2.937900e-16,8.204800e-15,3.213200e-10,1.838600e-09,9.944786e+04
2,9.290456e-16,8.204800e-15,3.213200e-10,1.838600e-09,4.182402e+05
3,2.937900e-16,2.594586e-14,3.213200e-10,1.838600e-09,1.781668e+06
4,2.937900e-16,8.204800e-15,1.016103e-09,1.838600e-09,3.946012e+05
5,2.937900e-16,8.204800e-15,3.213200e-10,5.814164e-09,4.746357e+05
6,5.224407e-16,2.594586e-15,5.713967e-10,3.269545e-09,2.553693e+06
7,3.392634e-16,1.459043e-14,3.710545e-10,2.123182e-09,1.132937e+06
8,4.524150e-16,4.613898e-15,4.948092e-10,2.831309e-09,1.058094e+06
9,4.210048e-16,6.152732e-15,4.604556e-10,2.634737e-09,4.182425e+05
10,6.254060e-16,7.105064e-15,6.840105e-10,6.960048e-10,4.655072e+05
11,5.177627e-16,7.365343e-15,5.662804e-10,1.183262e-09,2.981936e+05
12,4.839872e-16,1.036646e-14,5.293399e-10,1.029281e-09,5.448971e+05
13,4.359370e-16,7.009848e-15,4.767871e-10,2.082987e-09,2.400214e+05
14,1.502371e-16,7.185398e-15,9.240128e-10,1.569942e-09,3.442989e+05
15,3.397405e-16,6.724225e-15,2.786430e-10,1.450715e-09,5.841185e+05
16,3.046594e-16,7.806593e-15,7.353013e-10,1.732850e-09,2.336560e+05
17,9.460755e-16,8.003220e-15,2.733390e-10,1.784942e-09,3.817683e+05
18,2.379931e-16,7.381665e-15,6.814498e-10,1.621134e-09,2.521884e+05
19,1.861183e-16,7.816336e-15,4.892707e-10,2.772016e-09,1.538030e+05
20,3.580699e-16,8.025395e-15,3.445121e-10,2.645735e-09,1.767343e+05
21,1.771661e-16,9.042551e-15,4.185564e-10,2.320645e-09,3.053690e+05
22,3.480671e-16,7.470578e-15,4.615108e-10,2.140016e-09,1.499872e+05
23,2.709654e-16,7.942997e-15,2.150163e-10,3.100004e-09,1.444105e+05
24,2.005551e-16,7.686675e-15,3.625480e-10,2.197783e-09,1.700643e+05
25,2.318287e-16,7.769990e-15,3.579524e-10,2.302105e-09,1.221465e+05
26,4.306271e-16,7.868832e-15,2.183529e-10,1.911614e-09,1.614691e+05
27,2.295446e-16,7.829427e-15,3.999002e-10,2.526078e-09,1.127528e+05
28,1.869949e-16,8.428440e-15,2.154821e-10,2.690257e-09,1.676995e+05
29,2.979920e-16,7.699322e-15,3.814953e-10,2.266007e-09,1.106191e+05
30,2.518977e-16,7.804608e-15,6.160708e-10,1.587808e-09,1.892761e+05
31,2.660672e-16,7.908171e-15,2.797442e-10,2.622534e-09,1.073699e+05
32,3.154154e-16,8.049016e-15,3.271482e-10,2.282092e-09,1.149918e+05
33,2.920478e-16,7.978334e-15,3.345914e-10,2.287079e-09,1.030425e+05
34,3.593158e-16,8.063514e-15,2.678550e-10,1.978921e-09,1.134044e+05
35,2.567553e-16,7.887304e-15,3.617751e-10,2.376524e-09,1.028883e+05
36,2.569191e-16,8.299271e-15,2.734242e-10,2.259200e-09,1.205961e+05
37,2.871458e-16,7.845115e-15,3.510154e-10,2.264303e-09,1.015398e+05
38,2.989270e-16,8.047815e-15,4.176837e-10,1.813850e-09,1.169840e+05
39,2.739270e-16,7.942853e-15,3.092308e-10,2.391615e-09,1.011925e+05
40,2.637503e-16,7.959285e-15,3.357205e-10,2.126898e-09,1.039427e+05
41,2.847008e-16,7.973567e-15,3.348733e-10,2.245936e-09,1.005507e+05
42,3.159091e-16,8.095053e-15,2.987273e-10,1.989816e-09,1.016811e+05
43,2.999518e-16,8.042608e-15,3.133761e-10,2.080153e-09,1.000339e+05
44,2.887044e-16,8.240389e-15,2.909091e-10,2.001710e-09,1.035543e+05
45,2.875347e-16,7.942120e-15,3.349145e-10,2.195590e-09,9.991985e+04
46,3.100622e-16,8.138614e-15,3.436579e-10,1.815827e-09,1.019163e+05
47,2.825455e-16,7.991348e-15,3.174999e-10,2.232477e-09,9.996178e+04
48,2.971973e-16,8.116299e-15,3.090011e-10,1.927804e-09,1.002736e+05
49,2.940226e-16,8.080378e-15,3.152755e-10,2.002841e-09,9.971669e+04
50,2.792845e-16,8.065497e-15,3.311974e-10,2.042400e-09,9.986464e+04
51,2.947739e-16,8.154806e-15,3.338726e-10,1.820228e-09,1.003282e+05
52,2.855542e-16,8.031902e-15,3.215162e-10,2.121396e-09,9.958834e+04
53,2.886598e-16,8.251601e-15,3.101165e-10,1.819269e-09,9.963467e+04
54,3.021339e-16,8.218584e-15,3.034527e-10,1.845804e-09,9.977755e+04
55,2.962520e-16,8.180042e-15,3.101630e-10,1.893103e-09,9.951645e+04
56,2.880751e-16,8.253885e-15,3.161823e-10,1.829968e-09,9.981330e+04
57,2.925244e-16,8.123410e-15,3.155019e-10,1.958149e-09,9.949889e+04
58,2.953848e-16,8.019586e-15,3.242212e-10,2.090103e-09,9.973121e+04
59,2.903265e-16,8.192975e-15,3.135841e-10,1.883496e-09,9.947433e+04
60,3.010822e-16,8.321150e-15,3.088439e-10,1.688940e-09,9.939063e+04
61,3.091600e-16,8.469657e-15,3.026963e-10,1.506991e-09,9.961234e+04
62,2.925662e-16,8.240625e-15,3.194673e-10,1.787647e-09,9.945166e+04
63,2.963155e-16,8.357727e-15,3.160288e-10,1.651308e-09,9.967381e+04
64,2.934676e-16,8.181366e-15,3.156336e-10,1.876469e-09,9.939926e+04
65,3.001694e-16,8.280890e-15,3.189989e-10,1.713554e-09,9.949386e+04
66,2.927566e-16,8.214866e-15,3.149291e-10,1.839492e-09,9.939982e+04
67,2.979685e-16,8.220130e-15,3.108923e-10,1.831423e-09,9.943095e+04
68,2.988299e-16,8.263731e-15,3.040428e-10,1.777190e-09,9.957778e+04
69,2.950420e-16,8.219493e-15,3.169108e-10,1.823051e-09,9.938063e+04
70,2.931889e-16,8.248000e-15,3.172679e-10,1.780072e-09,9.941828e+04
71,2.943765e-16,8.241024e-15,3.156618e-10,1.792773e-09,9.938217e+04
72,2.992329e-16,8.266415e-15,3.135651e-10,1.749613e-09,9.936778e+04
73,3.025247e-16,8.292311e-15,3.128854e-10,1.706334e-09,9.940010e+04
74,3.014259e-16,8.343294e-15,3.118385e-10,1.656147e-09,9.943658e+04
75,2.954372e-16,8.221551e-15,3.146805e-10,1.818782e-09,9.937190e+04
76,2.910354e-16,8.153897e-15,3.216913e-10,1.909454e-09,9.942908e+04
77,2.985384e-16,8.279018e-15,3.120068e-10,1.741558e-09,9.936818e+04
78,2.997617e-16,8.252133e-15,3.129157e-10,1.772983e-09,9.937926e+04
79,3.014684e-16,8.290161e-15,3.097116e-10,1.719427e-09,9.938583e+04
80,2.966356e-16,8.237103e-15,3.150954e-10,1.796574e-09,9.936833e+04
81,2.951705e-16,8.249847e-15,3.147564e-10,1.779707e-09,9.937609e+04
82,2.963117e-16,8.250419e-15,3.142952e-10,1.778023e-09,9.936693e+04
83,2.999339e-16,8.295060e-15,3.127995e-10,1.715341e-09,9.937886e+04
84,2.965550e-16,8.239867e-15,3.142092e-10,1.792352e-09,9.936570e+04
85,2.986817e-16,8.280786e-15,3.119479e-10,1.734504e-09,9.936606e+04
86,2.968491e-16,8.239743e-15,3.150063e-10,1.785669e-09,9.936757e+04
87,2.949781e-16,8.238981e-15,3.141602e-10,1.795669e-09,9.937674e+04
88,2.981635e-16,8.259548e-15,3.137138e-10,1.761015e-09,9.936409e+04
89,2.980045e-16,8.275578e-15,3.120808e-10,1.747224e-09,9.936836e+04
90,2.971376e-16,8.248687e-15,3.142723e-10,1.775979e-09,9.936476e+04
91,2.989608e-16,8.264003e-15,3.127754e-10,1.753728e-09,9.936606e+04
92,2.967271e-16,8.225348e-15,3.155466e-10,1.807665e-09,9.936827e+04
93,2.981918e-16,8.266892e-15,3.128437e-10,1.752512e-09,9.936414e+04
94,2.960686e-16,8.243494e-15,3.147462e-10,1.787229e-09,9.936731e+04
95,2.982351e-16,8.258871e-15,3.132669e-10,1.762044e-09,9.936420e+04
96,2.993146e-16,8.277169e-15,3.128398e-10,1.733868e-09,9.936730e+04
97,2.972425e-16,8.249177e-15,3.138663e-10,1.777548e-09,9.936407e+04
98,2.987806e-16,8.268564e-15,3.125748e-10,1.750626e-09,9.936490e+04
99,2.975475e-16,8.253652e-15,3.138471e-10,1.769607e-09,9.936397e+04
