run,k_min,k_max,S_min,S_max,split1,rmse_nodes_Pa,rmse_mean_Pa,rms_p1_p2_Pa
1,2.975089e-16,8.252775e-15,3.138340e-10,1.769701e-09,0.200000,1.562571e+06,1.757407e+05,3.105313e+06
2,2.975089e-16,8.252775e-15,3.138340e-10,1.769701e-09,0.300000,9.691151e+05,1.384960e+05,1.918336e+06
3,2.975089e-16,8.252775e-15,3.138340e-10,1.769701e-09,0.400000,3.849446e+05,1.103509e+05,7.375772e+05
4,2.975089e-16,8.252775e-15,3.138340e-10,1.769701e-09,0.500000,2.619571e+05,9.936483e+04,4.847605e+05
5,2.975089e-16,8.252775e-15,3.138340e-10,1.769701e-09,0.600000,8.369598e+05,1.107667e+05,1.659195e+06
6,2.975089e-16,8.252775e-15,3.138340e-10,1.769701e-09,0.700000,1.429623e+06,1.391583e+05,2.845669e+06
7,2.975089e-16,8.252775e-15,3.138340e-10,1.769701e-09,0.800000,2.024496e+06,1.765237e+05,4.033571e+06
1,2.975089e-16,8.252775e-15,3.138340e-10,1.769701e-09,0.470000,1.333735e+05,1.003547e+05,1.756976e+05
2,5.936083e-16,8.252775e-15,3.138340e-10,1.769701e-09,0.470000,2.618036e+05,2.514100e+05,1.460703e+05
3,2.975089e-16,1.646645e-14,3.138340e-10,1.769701e-09,0.470000,1.250629e+06,1.250037e+06,7.697094e+04
4,2.975089e-16,8.252775e-15,6.261812e-10,1.769701e-09,0.470000,2.682318e+05,2.474325e+05,2.071274e+05
5,2.975089e-16,8.252775e-15,3.138340e-10,3.531019e-09,0.470000,3.081829e+05,2.914198e+05,2.005113e+05
6,2.975089e-16,8.252775e-15,3.138340e-10,1.769701e-09,0.617714,9.415970e+05,1.148202e+05,1.869140e+06
7,3.921931e-16,4.136185e-15,4.137138e-10,2.332921e-09,0.529928,1.763581e+06,1.612870e+06,1.426698e+06
8,3.187866e-16,1.165735e-14,3.362792e-10,1.896269e-09,0.484968,7.481282e+05,7.398586e+05,2.218554e+05
9,4.031809e-16,9.475453e-15,4.253045e-10,2.398281e-09,0.332668,8.502440e+05,5.670757e+05,1.267028e+06
10,3.736801e-16,9.153770e-15,3.941849e-10,2.222798e-09,0.400797,5.312227e+05,4.287135e+05,6.273829e+05
11,4.009590e-16,6.089758e-15,4.229607e-10,2.385064e-09,0.427283,5.145766e+05,4.676049e+05,4.295803e+05
12,3.518358e-16,6.588704e-15,3.711419e-10,2.092859e-09,0.523167,6.219870e+05,4.317526e+05,8.954496e+05
13,3.680951e-16,8.431406e-15,3.882934e-10,2.189576e-09,0.430840,3.094538e+05,2.571497e+05,3.443004e+05
14,3.168721e-16,1.128028e-14,3.342597e-10,1.884881e-09,0.497336,6.959395e+05,6.754079e+05,3.355944e+05
15,3.780472e-16,7.104442e-15,3.987916e-10,2.248775e-09,0.444635,2.253771e+05,1.949732e+05,2.261000e+05
16,3.488658e-16,7.608026e-15,3.680090e-10,2.075193e-09,0.499311,2.883141e+05,1.342911e+05,5.102586e+05
17,4.600253e-16,7.523862e-15,4.852681e-10,1.040355e-09,0.471511,3.014718e+05,2.851284e+05,1.958269e+05
18,4.125355e-16,7.699820e-15,4.351724e-10,1.412087e-09,0.471133,2.111810e+05,1.875624e+05,1.940904e+05
19,4.195121e-16,8.200725e-15,4.425318e-10,1.517555e-09,0.431286,2.673343e+05,1.927864e+05,3.704107e+05
20,5.644178e-16,7.540934e-15,2.263605e-10,1.673404e-09,0.444776,2.581466e+05,2.294886e+05,2.364287e+05
21,4.507116e-16,7.338411e-15,2.449620e-10,2.029265e-09,0.489147,3.002176e+05,2.300926e+05,3.856838e+05
22,4.271034e-16,7.976084e-15,3.817096e-10,1.631898e-09,0.445639,1.893088e+05,1.522529e+05,2.250055e+05
23,2.792264e-16,7.193333e-15,3.735566e-10,1.684614e-09,0.440497,3.431719e+05,3.080539e+05,3.024549e+05
24,4.916025e-16,7.974116e-15,3.278039e-10,1.748035e-09,0.462596,1.802418e+05,1.692543e+05,1.239371e+05
25,2.778824e-16,8.050225e-15,6.005941e-10,1.812923e-09,0.472845,2.330996e+05,2.010213e+05,2.360159e+05
26,3.317386e-16,7.919765e-15,4.705827e-10,1.776989e-09,0.465805,1.697150e+05,1.462566e+05,1.721880e+05
27,3.937457e-16,8.924339e-15,3.642435e-10,1.227806e-09,0.481508,2.279062e+05,1.924126e+05,2.442837e+05
28,3.819121e-16,7.521276e-15,3.898589e-10,1.933045e-09,0.453812,1.732481e+05,1.531624e+05,1.619405e+05
29,3.498657e-16,8.157363e-15,3.194294e-10,2.217005e-09,0.448025,1.812768e+05,1.549715e+05,1.880968e+05
30,3.120160e-16,7.945931e-15,3.391251e-10,2.168524e-09,0.474503,1.559715e+05,1.052588e+05,2.301973e+05
31,3.638470e-16,7.688164e-15,4.150611e-10,1.582158e-09,0.482731,2.297174e+05,1.678796e+05,3.136019e+05
32,3.533098e-16,8.037445e-15,3.410431e-10,2.037687e-09,0.456668,1.445844e+05,1.259762e+05,1.419105e+05
33,2.268938e-16,7.889765e-15,4.109140e-10,2.133542e-09,0.465701,1.516794e+05,1.202823e+05,1.848112e+05
34,2.371467e-16,8.526370e-15,3.528539e-10,2.007027e-09,0.479293,2.045924e+05,1.559417e+05,2.648791e+05
35,3.390212e-16,7.760857e-15,3.802588e-10,1.951281e-09,0.460165,1.415763e+05,1.206496e+05,1.481554e+05
36,2.753955e-16,8.031975e-15,2.684379e-10,2.266545e-09,0.464998,1.304645e+05,1.058370e+05,1.525715e+05
37,2.509212e-16,8.088675e-15,2.027438e-10,2.559789e-09,0.464595,1.541188e+05,1.359966e+05,1.450179e+05
38,2.785403e-16,8.040089e-15,3.392449e-10,1.890448e-09,0.452539,1.340716e+05,1.023417e+05,1.732208e+05
39,4.157845e-16,8.158687e-15,2.593148e-10,1.830683e-09,0.456042,1.487875e+05,1.328380e+05,1.340413e+05
40,3.573608e-16,8.090609e-15,2.909432e-10,1.902108e-09,0.458454,1.292977e+05,1.109204e+05,1.328843e+05
41,2.682352e-16,8.029928e-15,2.932032e-10,1.864731e-09,0.465790,1.414617e+05,1.176180e+05,1.571932e+05
42,2.545424e-16,8.430256e-15,2.369923e-10,1.912284e-09,0.464538,1.375964e+05,1.192618e+05,1.372500e+05
43,3.150424e-16,8.307884e-15,2.822742e-10,2.021299e-09,0.458414,1.411170e+05,1.243950e+05,1.332649e+05
44,3.026256e-16,8.237506e-15,2.849677e-10,1.980966e-09,0.460257,1.272927e+05,1.081922e+05,1.341327e+05
45,3.557811e-16,7.840492e-15,3.759500e-10,1.999052e-09,0.457954,1.421176e+05,1.222736e+05,1.448667e+05
46,2.767680e-16,8.278781e-15,2.659704e-10,1.933617e-09,0.462891,1.261270e+05,1.059406e+05,1.368881e+05
47,3.242994e-16,8.317741e-15,2.382753e-10,2.040488e-09,0.474130,1.585416e+05,1.234163e+05,1.990362e+05
48,2.893360e-16,8.108621e-15,3.105666e-10,1.926891e-09,0.457923,1.228586e+05,9.949737e+04,1.441460e+05
49,3.002584e-16,8.046464e-15,2.564922e-10,2.255182e-09,0.451833,1.367710e+05,1.097565e+05,1.632154e+05
50,2.981939e-16,8.200707e-15,2.983964e-10,1.880271e-09,0.465449,1.249990e+05,1.005532e+05,1.485099e+05
51,3.348536e-16,8.336703e-15,3.128314e-10,1.634029e-09,0.456994,1.301901e+05,1.086767e+05,1.433713e+05
52,3.188823e-16,8.259454e-15,3.010882e-10,1.773315e-09,0.458993,1.240975e+05,1.036346e+05,1.365292e+05
53,2.465553e-16,8.344945e-15,2.926174e-10,1.893255e-09,0.463751,1.311983e+05,1.090392e+05,1.459240e+05
54,3.256933e-16,8.153457e-15,2.913609e-10,1.899891e-09,0.459777,1.236475e+05,1.039862e+05,1.337996e+05
55,2.998312e-16,8.162579e-15,3.014165e-10,1.787755e-09,0.461755,1.216978e+05,1.000197e+05,1.386565e+05
56,2.984437e-16,8.125371e-15,3.099936e-10,1.698336e-09,0.462504,1.269255e+05,1.053782e+05,1.414996e+05
57,3.385097e-16,8.076089e-15,3.395181e-10,1.774964e-09,0.458668,1.293416e+05,1.084304e+05,1.410263e+05
58,2.910581e-16,8.227636e-15,2.827097e-10,1.892671e-09,0.461834,1.223262e+05,1.015672e+05,1.363497e+05
59,3.111577e-16,8.163676e-15,2.961566e-10,1.830128e-09,0.454673,1.266648e+05,1.003356e+05,1.546187e+05
60,3.013833e-16,8.191433e-15,2.978349e-10,1.867608e-09,0.462751,1.220730e+05,1.003439e+05,1.390383e+05
61,2.844751e-16,8.078842e-15,2.922362e-10,1.981144e-09,0.462624,1.238144e+05,1.011613e+05,1.427783e+05
62,2.927122e-16,8.123621e-15,2.944245e-10,1.927008e-09,0.461716,1.218676e+05,9.999304e+04,1.393286e+05
63,2.668817e-16,8.171877e-15,3.032589e-10,1.859667e-09,0.462614,1.252982e+05,1.022910e+05,1.447231e+05
64,3.098748e-16,8.158058e-15,2.942909e-10,1.889754e-09,0.460486,1.216391e+05,1.009267e+05,1.357922e+05
65,3.087725e-16,8.237065e-15,2.784446e-10,1.819391e-09,0.465498,1.241941e+05,1.015482e+05,1.429986e+05
66,2.940773e-16,8.140543e-15,3.022044e-10,1.899434e-09,0.459815,1.215293e+05,9.955658e+04,1.393968e+05
67,3.082153e-16,8.083432e-15,3.141499e-10,1.854930e-09,0.460775,1.224116e+05,1.005131e+05,1.397384e+05
68,2.952557e-16,8.191346e-15,2.902617e-10,1.883165e-09,0.461569,1.215090e+05,1.003186e+05,1.371219e+05
69,2.952204e-16,8.119123e-15,2.951398e-10,1.886071e-09,0.459386,1.220119e+05,1.001922e+05,1.392613e+05
70,2.967492e-16,8.137140e-15,2.958113e-10,1.881438e-09,0.460227,1.214109e+05,9.983616e+04,1.381789e+05
71,3.056357e-16,8.192344e-15,2.991202e-10,1.810518e-09,0.459826,1.211605e+05,9.984902e+04,1.372593e+05
72,3.123099e-16,8.226922e-15,3.014961e-10,1.754941e-09,0.458881,1.219072e+05,1.004105e+05,1.382620e+05
73,3.006762e-16,8.165124e-15,2.912890e-10,1.961446e-09,0.459015,1.230518e+05,1.020890e+05,1.373983e+05
74,3.000422e-16,8.163215e-15,2.988521e-10,1.829680e-09,0.461070,1.211471e+05,9.963998e+04,1.378188e+05
75,2.872024e-16,8.171714e-15,3.001830e-10,1.831753e-09,0.460516,1.218511e+05,9.988061e+04,1.395930e+05
76,3.040442e-16,8.161470e-15,2.957530e-10,1.875084e-09,0.460494,1.212328e+05,1.001101e+05,1.367532e+05
77,3.066923e-16,8.197710e-15,2.898101e-10,1.813036e-09,0.461459,1.209185e+05,1.001877e+05,1.354062e+05
78,3.132013e-16,8.226443e-15,2.838048e-10,1.771322e-09,0.462281,1.210477e+05,1.008121e+05,1.340072e+05
79,3.101473e-16,8.149399e-15,3.015463e-10,1.801149e-09,0.459661,1.215485e+05,1.001253e+05,1.378256e+05
80,2.989102e-16,8.180839e-15,2.930426e-10,1.862317e-09,0.461092,1.211383e+05,9.994995e+04,1.368869e+05
81,3.094833e-16,8.221280e-15,2.947783e-10,1.795451e-09,0.461349,1.210467e+05,1.003798e+05,1.352952e+05
82,3.042077e-16,8.220748e-15,2.944473e-10,1.770533e-09,0.461424,1.206980e+05,9.970353e+04,1.360471e+05
83,3.042895e-16,8.250548e-15,2.937966e-10,1.720464e-09,0.461889,1.205756e+05,9.963291e+04,1.358200e+05
84,3.020897e-16,8.212991e-15,2.890489e-10,1.796631e-09,0.462919,1.213977e+05,1.000574e+05,1.374907e+05
85,3.047453e-16,8.197501e-15,2.965699e-10,1.807036e-09,0.460599,1.208899e+05,9.979417e+04,1.364624e+05
86,3.096418e-16,8.256128e-15,2.884225e-10,1.768982e-09,0.461486,1.208903e+05,1.006154e+05,1.340300e+05
87,3.152309e-16,8.268586e-15,2.922766e-10,1.702600e-09,0.461620,1.205368e+05,1.002591e+05,1.338244e+05
88,3.237224e-16,8.312811e-15,2.918943e-10,1.627954e-09,0.461885,1.205650e+05,1.007889e+05,1.323258e+05
89,3.067107e-16,8.246816e-15,2.895668e-10,1.728894e-09,0.461472,1.205367e+05,9.992892e+04,1.348082e+05
90,3.053337e-16,8.259613e-15,2.869957e-10,1.696547e-09,0.461533,1.207293e+05,1.002404e+05,1.345725e+05
91,3.095092e-16,8.290309e-15,2.944319e-10,1.679888e-09,0.461368,1.203307e+05,9.976476e+04,1.345580e+05
92,3.109274e-16,8.337000e-15,2.967704e-10,1.617027e-09,0.461322,1.202701e+05,9.979029e+04,1.342654e+05
93,3.070695e-16,8.263808e-15,2.992442e-10,1.660967e-09,0.461275,1.206277e+05,9.964967e+04,1.359557e+05
94,3.129529e-16,8.349773e-15,2.920702e-10,1.572081e-09,0.462433,1.199916e+05,9.969780e+04,1.335415e+05
95,3.171392e-16,8.426967e-15,2.898460e-10,1.466321e-09,0.463351,1.198131e+05,9.983205e+04,1.324952e+05
96,3.146188e-16,8.347806e-15,2.857888e-10,1.627152e-09,0.462587,1.201808e+05,1.002521e+05,1.325587e+05
97,3.217611e-16,8.400509e-15,2.878880e-10,1.536231e-09,0.462251,1.198848e+05,1.003576e+05,1.311595e+05
98,3.131509e-16,8.435424e-15,2.876393e-10,1.489797e-09,0.462773,1.195279e+05,9.964384e+04,1.320305e+05
99,3.121161e-16,8.520101e-15,2.853483e-10,1.393588e-09,0.463349,1.193052e+05,9.965001e+04,1.312036e+05
100,3.241070e-16,8.568705e-15,2.886317e-10,1.345916e-09,0.463672,1.196425e+05,1.005000e+05,1.298318e+05
101,3.250650e-16,8.569468e-15,2.785105e-10,1.337178e-09,0.464763,1.193861e+05,1.001767e+05,1.298873e+05
102,3.254757e-16,8.648563e-15,2.862434e-10,1.228521e-09,0.464368,1.192689e+05,1.002897e+05,1.291051e+05
103,3.310439e-16,8.802981e-15,2.864709e-10,1.067481e-09,0.465259,1.198788e+05,1.014800e+05,1.276361e+05
104,3.197156e-16,8.694929e-15,2.835057e-10,1.189939e-09,0.465551,1.195936e+05,1.001642e+05,1.306869e+05
105,3.254265e-16,8.776841e-15,2.791103e-10,1.146755e-09,0.465330,1.192218e+05,1.006904e+05,1.276759e+05
106,3.296509e-16,8.957189e-15,2.738926e-10,1.014124e-09,0.466320,1.201825e+05,1.024564e+05,1.256428e+05
107,3.189482e-16,8.714922e-15,2.765489e-10,1.171825e-09,0.465672,1.195108e+05,1.003871e+05,1.296961e+05
108,3.230185e-16,8.596303e-15,2.787650e-10,1.317320e-09,0.463842,1.189045e+05,1.000698e+05,1.284417e+05
109,3.246828e-16,8.547411e-15,2.764244e-10,1.386036e-09,0.462988,1.190949e+05,1.004557e+05,1.279413e+05
110,3.254422e-16,8.529695e-15,2.866913e-10,1.401795e-09,0.462989,1.197849e+05,1.008133e+05,1.293848e+05
111,3.205595e-16,8.668242e-15,2.790504e-10,1.225514e-09,0.465001,1.191258e+05,1.000526e+05,1.293124e+05
112,3.175406e-16,8.714330e-15,2.848928e-10,1.186341e-09,0.463993,1.191031e+05,1.002165e+05,1.287198e+05
113,3.330018e-16,8.844205e-15,2.778883e-10,1.067320e-09,0.465665,1.193240e+05,1.012600e+05,1.262478e+05
114,3.172114e-16,8.599997e-15,2.834647e-10,1.303690e-09,0.463928,1.190603e+05,9.980710e+04,1.298289e+05
115,3.160648e-16,8.693234e-15,2.759405e-10,1.239832e-09,0.464470,1.188696e+05,1.000902e+05,1.282487e+05
116,3.114619e-16,8.715655e-15,2.709290e-10,1.245527e-09,0.464520,1.190979e+05,1.004976e+05,1.278208e+05
117,3.124433e-16,8.533443e-15,2.817026e-10,1.370352e-09,0.463164,1.192893e+05,9.988314e+04,1.304346e+05
118,3.221310e-16,8.715349e-15,2.797561e-10,1.198977e-09,0.464788,1.189566e+05,1.002110e+05,1.281941e+05
119,3.178081e-16,8.659106e-15,2.820479e-10,1.271105e-09,0.463407,1.189977e+05,1.001574e+05,1.285140e+05
120,3.209376e-16,8.591434e-15,2.751570e-10,1.349829e-09,0.464181,1.191289e+05,1.002841e+05,1.286049e+05
121,3.183865e-16,8.683442e-15,2.824270e-10,1.225256e-09,0.464040,1.189236e+05,1.000341e+05,1.286235e+05
122,3.217463e-16,8.739344e-15,2.761379e-10,1.198215e-09,0.464291,1.187943e+05,1.004426e+05,1.268598e+05
123,3.240380e-16,8.809862e-15,2.725458e-10,1.148722e-09,0.464473,1.189329e+05,1.010565e+05,1.254211e+05
124,3.227280e-16,8.711770e-15,2.751841e-10,1.200243e-09,0.465165,1.188903e+05,1.001544e+05,1.281252e+05
125,3.186331e-16,8.654128e-15,2.756158e-10,1.272985e-09,0.463935,1.187371e+05,1.000506e+05,1.278810e+05
126,3.168984e-16,8.623680e-15,2.735686e-10,1.311684e-09,0.463508,1.188060e+05,1.001362e+05,1.278688e+05
127,3.224803e-16,8.674186e-15,2.703564e-10,1.264870e-09,0.464641,1.188534e+05,1.004098e+05,1.271849e+05
128,3.176441e-16,8.793783e-15,2.705727e-10,1.157506e-09,0.465159,1.188477e+05,1.005121e+05,1.268400e+05
129,3.159171e-16,8.709812e-15,2.722470e-10,1.252122e-09,0.463833,1.188891e+05,1.005229e+05,1.269608e+05
130,3.176063e-16,8.710302e-15,2.729783e-10,1.238946e-09,0.464166,1.187793e+05,1.003457e+05,1.271103e+05
131,3.232056e-16,8.735235e-15,2.703311e-10,1.211794e-09,0.464407,1.186596e+05,1.005496e+05,1.260139e+05
132,3.268362e-16,8.756312e-15,2.675693e-10,1.198014e-09,0.464376,1.186731e+05,1.009034e+05,1.249290e+05
133,3.170604e-16,8.779010e-15,2.759044e-10,1.167614e-09,0.464142,1.188545e+05,1.005216e+05,1.268351e+05
134,3.211167e-16,8.700274e-15,2.717328e-10,1.239821e-09,0.464516,1.187424e+05,1.003318e+05,1.270165e+05
135,3.232908e-16,8.622663e-15,2.761561e-10,1.311463e-09,0.463368,1.188475e+05,1.003283e+05,1.274201e+05
136,3.218698e-16,8.665128e-15,2.747495e-10,1.271153e-09,0.463815,1.187367e+05,1.002825e+05,1.271506e+05
137,3.192179e-16,8.646827e-15,2.700455e-10,1.297208e-09,0.464045,1.188446e+05,1.003996e+05,1.271842e+05
138,3.211123e-16,8.716122e-15,2.746020e-10,1.222232e-09,0.464230,1.187185e+05,1.003291e+05,1.269354e+05
139,3.248021e-16,8.677977e-15,2.738199e-10,1.247765e-09,0.464195,1.186747e+05,1.003055e+05,1.268463e+05
140,3.227211e-16,8.679065e-15,2.759181e-10,1.250073e-09,0.463717,1.186816e+05,1.002518e+05,1.270415e+05
141,3.268993e-16,8.735392e-15,2.721502e-10,1.208693e-09,0.464211,1.187612e+05,1.007716e+05,1.256873e+05
142,3.206798e-16,8.674373e-15,2.747453e-10,1.256598e-09,0.464004,1.186873e+05,1.001676e+05,1.273282e+05
143,3.231330e-16,8.728025e-15,2.730066e-10,1.204872e-09,0.464406,1.186131e+05,1.003388e+05,1.265098e+05
144,3.237664e-16,8.759644e-15,2.721393e-10,1.173039e-09,0.464701,1.185863e+05,1.003943e+05,1.262332e+05
145,3.249634e-16,8.694266e-15,2.721707e-10,1.232675e-09,0.464180,1.185854e+05,1.003423e+05,1.263948e+05
146,3.269063e-16,8.683358e-15,2.709631e-10,1.237931e-09,0.464155,1.185780e+05,1.004191e+05,1.261229e+05
147,3.279143e-16,8.739729e-15,2.705246e-10,1.191807e-09,0.464466,1.185497e+05,1.005686e+05,1.255385e+05
148,3.315925e-16,8.772591e-15,2.684387e-10,1.160675e-09,0.464697,1.185381e+05,1.008261e+05,1.246659e+05
149,3.293940e-16,8.772535e-15,2.664298e-10,1.162992e-09,0.465146,1.185810e+05,1.007183e+05,1.251764e+05
150,3.291265e-16,8.811751e-15,2.655493e-10,1.132810e-09,0.465047,1.184707e+05,1.008198e+05,1.244293e+05
151,3.313102e-16,8.879410e-15,2.615082e-10,1.079368e-09,0.465473,1.184567e+05,1.011520e+05,1.232926e+05
152,3.340453e-16,8.811502e-15,2.654299e-10,1.113672e-09,0.465262,1.184458e+05,1.008715e+05,1.241669e+05
153,3.396007e-16,8.849884e-15,2.630127e-10,1.067632e-09,0.465689,1.185097e+05,1.011997e+05,1.233395e+05
154,3.376616e-16,8.807719e-15,2.610466e-10,1.126813e-09,0.465192,1.185322e+05,1.013065e+05,1.230750e+05
155,3.352002e-16,8.808868e-15,2.644725e-10,1.122270e-09,0.464766,1.183693e+05,1.010231e+05,1.233793e+05
156,3.381416e-16,8.827092e-15,2.634992e-10,1.102446e-09,0.464576,1.183365e+05,1.012130e+05,1.226289e+05
157,3.423473e-16,8.957968e-15,2.571585e-10,1.006566e-09,0.465925,1.185640e+05,1.019290e+05,1.211265e+05
158,3.384199e-16,8.888512e-15,2.605423e-10,1.060000e-09,0.465483,1.184400e+05,1.014360e+05,1.222909e+05
159,3.402717e-16,8.913531e-15,2.564951e-10,1.035300e-09,0.465697,1.183414e+05,1.015624e+05,1.214868e+05
160,3.351865e-16,8.920491e-15,2.619092e-10,1.030886e-09,0.465404,1.183059e+05,1.012513e+05,1.223840e+05
161,3.339558e-16,8.977418e-15,2.623415e-10,9.860299e-10,0.465510,1.183889e+05,1.014431e+05,1.220695e+05
162,3.432053e-16,8.864820e-15,2.616072e-10,1.056597e-09,0.465095,1.183825e+05,1.015028e+05,1.218457e+05
163,3.440987e-16,8.954723e-15,2.562507e-10,1.002727e-09,0.465240,1.183223e+05,1.019368e+05,1.201507e+05
164,3.419190e-16,8.903530e-15,2.593291e-10,1.030350e-09,0.464922,1.181971e+05,1.014915e+05,1.211616e+05
165,3.436821e-16,8.911049e-15,2.587247e-10,1.015838e-09,0.464642,1.181796e+05,1.015749e+05,1.208132e+05
166,3.373388e-16,8.945918e-15,2.571314e-10,1.017529e-09,0.465128,1.181865e+05,1.015370e+05,1.209675e+05
167,3.390711e-16,8.909948e-15,2.625162e-10,1.031294e-09,0.464299,1.182744e+05,1.014097e+05,1.217359e+05
168,3.415819e-16,9.030884e-15,2.551565e-10,9.429774e-10,0.465310,1.181734e+05,1.019096e+05,1.196557e+05
169,3.433151e-16,9.134538e-15,2.510847e-10,8.721139e-10,0.465677,1.183137e+05,1.024867e+05,1.182304e+05
170,3.346841e-16,8.932377e-15,2.619254e-10,1.011588e-09,0.464673,1.181073e+05,1.011469e+05,1.219612e+05
171,3.300739e-16,8.921225e-15,2.648097e-10,1.016048e-09,0.464390,1.181755e+05,1.009241e+05,1.229597e+05
172,3.433769e-16,8.971431e-15,2.562729e-10,9.765461e-10,0.464217,1.181620e+05,1.017177e+05,1.202627e+05
173,3.411606e-16,9.006788e-15,2.532304e-10,9.550917e-10,0.465289,1.180120e+05,1.017232e+05,1.196530e+05
174,3.422102e-16,9.055603e-15,2.487114e-10,9.191289e-10,0.465784,1.180252e+05,1.019995e+05,1.187611e+05
175,3.444613e-16,8.994939e-15,2.569573e-10,9.438000e-10,0.464524,1.181495e+05,1.017512e+05,1.201002e+05
176,3.384100e-16,9.064045e-15,2.546757e-10,9.179623e-10,0.464963,1.181141e+05,1.018368e+05,1.196696e+05
177,3.392225e-16,8.956892e-15,2.580425e-10,9.783117e-10,0.464157,1.180934e+05,1.013834e+05,1.211190e+05
178,3.358102e-16,9.010401e-15,2.576266e-10,9.453652e-10,0.465225,1.180423e+05,1.014145e+05,1.208154e+05
179,3.313644e-16,8.993029e-15,2.572078e-10,9.788141e-10,0.465199,1.181124e+05,1.013685e+05,1.212432e+05
180,3.344631e-16,8.896429e-15,2.605411e-10,1.032537e-09,0.464854,1.180898e+05,1.010599e+05,1.221820e+05
181,3.428486e-16,8.928031e-15,2.593083e-10,9.892640e-10,0.464481,1.181819e+05,1.015250e+05,1.209899e+05
182,3.341989e-16,8.976735e-15,2.577314e-10,9.814162e-10,0.465019,1.180313e+05,1.013051e+05,1.211390e+05
183,3.392510e-16,9.006482e-15,2.529991e-10,9.456895e-10,0.465145,1.179885e+05,1.016396e+05,1.198444e+05
184,3.415578e-16,9.043764e-15,2.486507e-10,9.143680e-10,0.465381,1.180568e+05,1.020230e+05,1.188060e+05
185,3.347235e-16,9.001689e-15,2.547864e-10,9.646806e-10,0.466056,1.182007e+05,1.014654e+05,1.212631e+05
186,3.380921e-16,8.968070e-15,2.572246e-10,9.748860e-10,0.464632,1.180093e+05,1.013803e+05,1.208010e+05
187,3.409553e-16,9.091990e-15,2.510533e-10,8.932533e-10,0.465270,1.180082e+05,1.019801e+05,1.187603e+05
188,3.416592e-16,9.009412e-15,2.512821e-10,9.537412e-10,0.464917,1.179882e+05,1.018135e+05,1.192514e+05
189,3.446219e-16,9.008918e-15,2.481686e-10,9.579570e-10,0.464762,1.180815e+05,1.021335e+05,1.185240e+05
190,3.463516e-16,9.056355e-15,2.486467e-10,9.082551e-10,0.465082,1.180168e+05,1.021509e+05,1.182057e+05
191,3.432726e-16,9.036384e-15,2.508874e-10,9.260175e-10,0.465066,1.179794e+05,1.019017e+05,1.189150e+05
192,3.401226e-16,9.037988e-15,2.521269e-10,9.218189e-10,0.464723,1.179913e+05,1.017393e+05,1.195169e+05
193,3.440325e-16,9.105248e-15,2.462324e-10,8.831076e-10,0.465416,1.179722e+05,1.022420e+05,1.177117e+05
194,3.470418e-16,9.174622e-15,2.409137e-10,8.405112e-10,0.465808,1.180422e+05,1.027461e+05,1.162272e+05
195,3.423718e-16,8.986384e-15,2.503362e-10,9.594191e-10,0.464837,1.180746e+05,1.019010e+05,1.192945e+05
196,3.413089e-16,9.065473e-15,2.508738e-10,9.093542e-10,0.465162,1.179651e+05,1.018918e+05,1.188920e+05
197,3.436883e-16,9.051065e-15,2.487738e-10,9.246394e-10,0.465560,1.180201e+05,1.020668e+05,1.185093e+05
198,3.410105e-16,9.041255e-15,2.512844e-10,9.225232e-10,0.464932,1.179656e+05,1.018046e+05,1.191923e+05
199,3.452850e-16,9.096738e-15,2.472428e-10,8.924028e-10,0.465052,1.180291e+05,1.022826e+05,1.177989e+05
200,3.407496e-16,9.028961e-15,2.515476e-10,9.320767e-10,0.465122,1.179645e+05,1.017697e+05,1.193072e+05
201,3.424858e-16,9.101666e-15,2.490373e-10,8.767735e-10,0.465362,1.179733e+05,1.020588e+05,1.183505e+05
202,3.405633e-16,9.100667e-15,2.486918e-10,8.834989e-10,0.465331,1.179617e+05,1.020154e+05,1.184539e+05
203,3.392167e-16,9.132980e-15,2.476012e-10,8.629775e-10,0.465464,1.179918e+05,1.021166e+05,1.182246e+05
204,3.405780e-16,9.034994e-15,2.504001e-10,9.359772e-10,0.465023,1.179648e+05,1.018410e+05,1.190645e+05
205,3.376809e-16,9.003501e-15,2.549586e-10,9.511297e-10,0.464811,1.179774e+05,1.015015e+05,1.202679e+05
206,3.424335e-16,9.079704e-15,2.483855e-10,8.996429e-10,0.465265,1.179584e+05,1.020442e+05,1.183414e+05
207,3.412414e-16,9.082632e-15,2.486758e-10,9.013909e-10,0.465429,1.179652e+05,1.020154e+05,1.184674e+05
208,3.411837e-16,9.072270e-15,2.493254e-10,9.066282e-10,0.465305,1.179569e+05,1.019576e+05,1.186337e+05
209,3.408931e-16,9.061084e-15,2.484668e-10,9.133471e-10,0.465257,1.179636e+05,1.019674e+05,1.186262e+05
210,3.417509e-16,9.102143e-15,2.481661e-10,8.787228e-10,0.465489,1.179689e+05,1.020715e+05,1.182892e+05
211,3.408709e-16,9.051735e-15,2.498398e-10,9.213230e-10,0.465139,1.179561e+05,1.018889e+05,1.188662e+05
212,3.416276e-16,9.117407e-15,2.463619e-10,8.783136e-10,0.465397,1.179710e+05,1.021960e+05,1.178666e+05
213,3.409688e-16,9.050992e-15,2.502410e-10,9.183350e-10,0.465191,1.179560e+05,1.018661e+05,1.189442e+05
214,3.415141e-16,9.081036e-15,2.501275e-10,8.982796e-10,0.465236,1.179659e+05,1.019576e+05,1.186693e+05
215,3.410482e-16,9.066068e-15,2.488809e-10,9.095567e-10,0.465251,1.179560e+05,1.019558e+05,1.186362e+05
216,3.420393e-16,9.027773e-15,2.499771e-10,9.394871e-10,0.465129,1.179792e+05,1.019008e+05,1.189172e+05
217,3.409317e-16,9.082388e-15,2.490125e-10,8.971752e-10,0.465281,1.179544e+05,1.019738e+05,1.185682e+05
218,3.395738e-16,9.049686e-15,2.505379e-10,9.216151e-10,0.465202,1.179546e+05,1.018131e+05,1.191198e+05
219,3.401736e-16,9.048076e-15,2.500783e-10,9.205315e-10,0.465121,1.179585e+05,1.018461e+05,1.190223e+05
220,3.409309e-16,9.066215e-15,2.495134e-10,9.100842e-10,0.465259,1.179543e+05,1.019266e+05,1.187295e+05
221,3.405097e-16,9.074403e-15,2.494330e-10,9.014129e-10,0.465334,1.179568e+05,1.019280e+05,1.187347e+05
222,3.407805e-16,9.057397e-15,2.497380e-10,9.163047e-10,0.465188,1.179541e+05,1.018965e+05,1.188323e+05
223,3.402257e-16,9.056590e-15,2.507385e-10,9.157776e-10,0.465196,1.179541e+05,1.018356e+05,1.190406e+05
224,3.398152e-16,9.051854e-15,2.516725e-10,9.189039e-10,0.465169,1.179582e+05,1.017811e+05,1.192433e+05
225,3.400081e-16,9.073919e-15,2.495739e-10,9.060124e-10,0.465260,1.179553e+05,1.019158e+05,1.187708e+05
226,3.402480e-16,9.068182e-15,2.497405e-10,9.090775e-10,0.465242,1.179536e+05,1.019011e+05,1.188141e+05
227,3.416759e-16,9.082643e-15,2.489605e-10,8.978551e-10,0.465265,1.179567e+05,1.020030e+05,1.184766e+05
228,3.400981e-16,9.057914e-15,2.501426e-10,9.156168e-10,0.465218,1.179533e+05,1.018589e+05,1.189578e+05
229,3.399819e-16,9.040177e-15,2.509397e-10,9.298507e-10,0.465161,1.179567e+05,1.017966e+05,1.191842e+05
230,3.406940e-16,9.071817e-15,2.494929e-10,9.052348e-10,0.465251,1.179533e+05,1.019279e+05,1.187211e+05
231,3.398883e-16,9.058541e-15,2.504277e-10,9.147043e-10,0.465179,1.179530e+05,1.018412e+05,1.190173e+05
232,3.393682e-16,9.054707e-15,2.508861e-10,9.170232e-10,0.465140,1.179540e+05,1.018000e+05,1.191623e+05
1,3.398913e-16,9.058577e-15,2.504321e-10,9.147028e-10,0.465200,1.179532e+05,1.018414e+05,1.190173e+05
2,6.781722e-16,9.058577e-15,2.504321e-10,9.147028e-10,0.465200,2.549223e+05,2.505673e+05,9.383808e+04
3,3.398913e-16,1.807424e-14,2.504321e-10,9.147028e-10,0.465200,1.262459e+06,1.262027e+06,6.602570e+04
4,3.398913e-16,9.058577e-15,4.996777e-10,9.147028e-10,0.465200,2.466355e+05,2.356804e+05,1.453800e+05
5,3.398913e-16,9.058577e-15,2.504321e-10,1.825072e-09,0.465200,2.447651e+05,2.372954e+05,1.200140e+05
6,3.398913e-16,9.058577e-15,2.504321e-10,9.147028e-10,0.613150,8.936337e+05,1.212868e+05,1.770729e+06
7,4.480639e-16,4.540043e-15,3.301338e-10,1.205813e-09,0.525122,1.832394e+06,1.722643e+06,1.249265e+06
8,3.642000e-16,1.279558e-14,2.683428e-10,9.801217e-10,0.480154,7.458076e+05,7.421281e+05,1.479837e+05
9,4.606170e-16,1.040064e-14,3.393829e-10,1.239596e-09,0.328401,8.714199e+05,5.431914e+05,1.362814e+06
10,4.269136e-16,1.004755e-14,3.145502e-10,1.148894e-09,0.396176,5.459276e+05,4.094828e+05,7.221102e+05
11,4.580786e-16,6.684363e-15,3.375126e-10,1.232764e-09,0.422572,5.913243e+05,5.202680e+05,5.620877e+05
12,4.325537e-16,7.862488e-15,3.187058e-10,1.164072e-09,0.436833,2.688166e+05,2.029588e+05,3.525344e+05
13,3.928439e-16,7.717204e-15,2.894476e-10,1.057207e-09,0.524165,5.183857e+05,3.270453e+05,8.044007e+05
14,4.010975e-16,8.243469e-15,2.955289e-10,1.079419e-09,0.491799,2.481188e+05,1.651503e+05,3.703422e+05
15,3.761872e-16,1.005032e-14,2.771750e-10,1.012381e-09,0.504456,3.679431e+05,2.963623e+05,4.361263e+05
16,4.177159e-16,8.360168e-15,3.077733e-10,1.124142e-09,0.453618,1.578312e+05,1.319199e+05,1.732952e+05
17,1.976607e-16,8.447768e-15,3.830632e-10,1.399138e-09,0.471174,1.707988e+05,1.397920e+05,1.962696e+05
18,2.518132e-16,9.374428e-15,3.601045e-10,1.315281e-09,0.436568,2.957329e+05,2.483351e+05,3.211703e+05
19,3.570320e-16,8.512727e-15,3.104968e-10,1.134089e-09,0.477919,1.564599e+05,1.123298e+05,2.178231e+05
20,3.030647e-16,8.321436e-15,1.760700e-10,1.691513e-09,0.468027,1.760212e+05,1.625008e+05,1.353062e+05
21,2.894767e-16,8.043658e-15,3.051291e-10,8.223820e-10,0.469159,3.301415e+05,3.201309e+05,1.613645e+05
22,3.265190e-16,8.793432e-15,2.631106e-10,1.495300e-09,0.466189,1.467624e+05,1.319174e+05,1.286392e+05
23,3.344778e-16,8.951573e-15,5.096469e-10,8.446161e-10,0.465596,2.293986e+05,2.168800e+05,1.494897e+05
24,3.106300e-16,8.474685e-15,2.296579e-10,1.421908e-09,0.467419,1.385784e+05,1.210354e+05,1.349728e+05
25,6.144854e-16,8.828934e-15,1.909013e-10,1.027729e-09,0.460955,1.984576e+05,1.913840e+05,1.050259e+05
26,2.624631e-16,8.541489e-15,3.218511e-10,1.295284e-09,0.468617,1.355850e+05,1.097173e+05,1.593161e+05
27,2.414492e-16,8.998346e-15,2.418899e-10,1.353742e-09,0.484575,1.894699e+05,1.274732e+05,2.803527e+05
28,3.642229e-16,8.515339e-15,2.897862e-10,1.177605e-09,0.461333,1.265502e+05,1.087950e+05,1.292844e+05
29,2.847500e-16,8.838168e-15,2.332383e-10,1.362231e-09,0.453623,1.420372e+05,1.140438e+05,1.693350e+05
30,2.947709e-16,8.573421e-15,2.622909e-10,9.953557e-10,0.460281,1.703403e+05,1.550799e+05,1.409404e+05
31,3.182749e-16,8.737905e-15,2.629055e-10,1.350644e-09,0.464711,1.237389e+05,1.065558e+05,1.258120e+05
32,3.533985e-16,8.491184e-15,3.103999e-10,1.088860e-09,0.477327,1.596581e+05,1.193036e+05,2.122014e+05
33,3.005481e-16,8.750115e-15,2.505130e-10,1.288045e-09,0.459533,1.236574e+05,1.040586e+05,1.336107e+05
34,3.197079e-16,8.969394e-15,3.263921e-10,1.002710e-09,0.460339,1.390270e+05,1.206818e+05,1.380494e+05
35,3.128750e-16,8.595743e-15,2.507529e-10,1.303009e-09,0.465648,1.247671e+05,1.068997e+05,1.286745e+05
36,4.059286e-16,8.921811e-15,2.107669e-10,1.103353e-09,0.457960,1.376054e+05,1.200363e+05,1.345592e+05
37,2.926938e-16,8.635022e-15,2.895289e-10,1.244378e-09,0.465949,1.230176e+05,1.021637e+05,1.370534e+05
38,2.680212e-16,8.999311e-15,2.340051e-10,1.240683e-09,0.467085,1.342173e+05,1.176877e+05,1.290562e+05
39,3.373399e-16,8.633835e-15,2.747038e-10,1.193067e-09,0.462770,1.198485e+05,1.018141e+05,1.264523e+05
40,3.215468e-16,8.930913e-15,2.804817e-10,1.082431e-09,0.461617,1.236613e+05,1.055754e+05,1.287781e+05
41,3.173871e-16,8.862728e-15,2.745320e-10,9.557639e-10,0.461316,1.244894e+05,1.052468e+05,1.329773e+05
42,3.180528e-16,8.768945e-15,2.657651e-10,1.238778e-09,0.463862,1.196531e+05,1.020062e+05,1.250854e+05
43,3.127876e-16,8.607944e-15,2.518403e-10,1.258718e-09,0.465308,1.258769e+05,1.084723e+05,1.277300e+05
44,3.193343e-16,8.849052e-15,2.730296e-10,1.124042e-09,0.462540,1.195605e+05,1.014323e+05,1.265891e+05
45,3.428565e-16,8.825407e-15,2.918444e-10,1.001701e-09,0.468601,1.240834e+05,1.036578e+05,1.364073e+05
46,3.106087e-16,8.768878e-15,2.602619e-10,1.209575e-09,0.461798,1.197545e+05,1.014179e+05,1.273662e+05
47,3.605229e-16,8.998235e-15,2.419788e-10,1.025154e-09,0.460520,1.239462e+05,1.066401e+05,1.263415e+05
48,3.083496e-16,8.724427e-15,2.768300e-10,1.185527e-09,0.464591,1.194591e+05,1.005300e+05,1.290612e+05
49,3.017651e-16,9.037124e-15,2.558256e-10,1.066535e-09,0.464426,1.225036e+05,1.059336e+05,1.230482e+05
50,3.280711e-16,8.732938e-15,2.698575e-10,1.160092e-09,0.463184,1.185203e+05,1.005221e+05,1.255765e+05
51,3.349846e-16,8.883345e-15,2.739603e-10,1.034549e-09,0.465954,1.191491e+05,1.013106e+05,1.254220e+05
52,3.340024e-16,8.929454e-15,2.715664e-10,9.399260e-10,0.464725,1.194509e+05,1.021361e+05,1.238828e+05
53,3.386919e-16,8.880690e-15,2.637733e-10,9.643377e-10,0.466923,1.209639e+05,1.033930e+05,1.255729e+05
54,3.240674e-16,8.856951e-15,2.706855e-10,1.081793e-09,0.463635,1.184891e+05,1.006867e+05,1.249294e+05
55,3.578028e-16,9.062031e-15,2.578268e-10,8.814405e-10,0.464488,1.191593e+05,1.032935e+05,1.188172e+05
56,3.395434e-16,8.906310e-15,2.574222e-10,1.083554e-09,0.464259,1.191723e+05,1.027675e+05,1.206794e+05
57,3.381495e-16,8.912090e-15,2.608876e-10,1.045710e-09,0.464375,1.183857e+05,1.016187e+05,1.214711e+05
58,3.098754e-16,8.717637e-15,2.724233e-10,1.237196e-09,0.464451,1.191139e+05,1.004205e+05,1.281224e+05
59,3.208270e-16,8.826259e-15,2.558040e-10,1.132284e-09,0.462385,1.190916e+05,1.014053e+05,1.248964e+05
60,3.516755e-16,9.038692e-15,2.508510e-10,9.138497e-10,0.463060,1.188945e+05,1.024031e+05,1.208221e+05
61,3.523764e-16,9.012790e-15,2.650674e-10,9.164854e-10,0.465397,1.192515e+05,1.029623e+05,1.203274e+05
62,3.284391e-16,8.872526e-15,2.580890e-10,1.073985e-09,0.463138,1.183737e+05,1.010566e+05,1.232868e+05
63,3.127956e-16,8.735888e-15,2.733941e-10,1.211311e-09,0.464753,1.190081e+05,1.003203e+05,1.280432e+05
64,3.415244e-16,8.962021e-15,2.563063e-10,9.805505e-10,0.463483,1.182978e+05,1.015527e+05,1.213494e+05
65,3.407346e-16,9.135881e-15,2.489548e-10,8.921315e-10,0.464749,1.186219e+05,1.028554e+05,1.181851e+05
66,3.311922e-16,8.831976e-15,2.644728e-10,1.086367e-09,0.463575,1.182193e+05,1.007541e+05,1.236837e+05
67,3.479580e-16,8.997794e-15,2.458987e-10,9.583195e-10,0.464274,1.182904e+05,1.024389e+05,1.183030e+05
68,3.373033e-16,8.976423e-15,2.491661e-10,9.573762e-10,0.463492,1.187406e+05,1.021478e+05,1.210809e+05
69,3.379378e-16,8.928130e-15,2.579065e-10,1.022891e-09,0.464155,1.181230e+05,1.014074e+05,1.211543e+05
70,3.512589e-16,9.039009e-15,2.517967e-10,9.141730e-10,0.465137,1.182213e+05,1.023633e+05,1.182883e+05
71,3.416195e-16,8.979418e-15,2.517541e-10,9.735983e-10,0.465453,1.180729e+05,1.017701e+05,1.197337e+05
72,3.328464e-16,8.936407e-15,2.648913e-10,1.002507e-09,0.465134,1.182445e+05,1.010752e+05,1.227281e+05
73,3.365616e-16,8.951714e-15,2.600099e-10,9.912724e-10,0.464919,1.180596e+05,1.012510e+05,1.214298e+05
74,3.241293e-16,8.861195e-15,2.620293e-10,1.085513e-09,0.464184,1.182381e+05,1.008206e+05,1.235388e+05
75,3.442707e-16,8.994224e-15,2.543167e-10,9.542893e-10,0.464899,1.180521e+05,1.017924e+05,1.195759e+05
76,3.491351e-16,9.135189e-15,2.455933e-10,8.672978e-10,0.466275,1.182346e+05,1.026738e+05,1.172608e+05
77,3.355896e-16,8.906823e-15,2.596210e-10,1.026891e-09,0.464250,1.180566e+05,1.011312e+05,1.218167e+05
78,3.412130e-16,9.028173e-15,2.525144e-10,9.225582e-10,0.465734,1.180778e+05,1.017843e+05,1.197053e+05
79,3.403912e-16,9.003057e-15,2.538518e-10,9.466788e-10,0.465339,1.180089e+05,1.016356e+05,1.199384e+05
80,3.370497e-16,8.986052e-15,2.595454e-10,9.584562e-10,0.464390,1.181007e+05,1.013572e+05,1.212353e+05
81,3.404713e-16,8.981076e-15,2.536797e-10,9.697905e-10,0.465187,1.180077e+05,1.016203e+05,1.199856e+05
82,3.436990e-16,9.025676e-15,2.488390e-10,9.331534e-10,0.465031,1.180173e+05,1.020179e+05,1.186665e+05
83,3.480026e-16,9.119393e-15,2.450191e-10,8.669478e-10,0.466012,1.180604e+05,1.024675e+05,1.172806e+05
84,3.386507e-16,8.959496e-15,2.558909e-10,9.843320e-10,0.464690,1.180000e+05,1.014337e+05,1.205853e+05
85,3.370013e-16,9.016811e-15,2.507476e-10,9.445436e-10,0.465280,1.180230e+05,1.017286e+05,1.196780e+05
86,3.388041e-16,9.011159e-15,2.516352e-10,9.469707e-10,0.465185,1.179856e+05,1.016956e+05,1.196429e+05
87,3.356305e-16,8.979607e-15,2.574153e-10,9.716335e-10,0.465210,1.180243e+05,1.013282e+05,1.210343e+05
88,3.416639e-16,9.014137e-15,2.509559e-10,9.426281e-10,0.465075,1.179859e+05,1.018166e+05,1.192318e+05
89,3.393984e-16,9.006596e-15,2.511768e-10,9.561102e-10,0.464796,1.179787e+05,1.017284e+05,1.195040e+05
90,3.388904e-16,9.038893e-15,2.503523e-10,9.280357e-10,0.464792,1.179787e+05,1.017862e+05,1.193072e+05
91,3.408088e-16,9.092697e-15,2.460260e-10,8.930385e-10,0.465329,1.179811e+05,1.021464e+05,1.180787e+05
92,3.374647e-16,9.069004e-15,2.488811e-10,9.126061e-10,0.465045,1.179781e+05,1.018870e+05,1.189602e+05
93,3.397743e-16,9.095250e-15,2.471191e-10,8.950884e-10,0.464880,1.179957e+05,1.020692e+05,1.184039e+05
94,3.390464e-16,9.032109e-15,2.504985e-10,9.337248e-10,0.465109,1.179671e+05,1.017783e+05,1.192878e+05
95,3.370760e-16,8.989617e-15,2.545811e-10,9.662105e-10,0.464648,1.179793e+05,1.014765e+05,1.203599e+05
96,3.380053e-16,9.015277e-15,2.524148e-10,9.473738e-10,0.464818,1.179655e+05,1.016322e+05,1.197789e+05
97,3.386297e-16,9.033668e-15,2.510043e-10,9.374756e-10,0.465196,1.179631e+05,1.017521e+05,1.193616e+05
98,3.378164e-16,9.076953e-15,2.501115e-10,9.028123e-10,0.465351,1.179705e+05,1.018475e+05,1.190652e+05
99,3.398936e-16,9.017650e-15,2.529169e-10,9.417762e-10,0.465224,1.179716e+05,1.016714e+05,1.196698e+05
100,3.392848e-16,9.030461e-15,2.519019e-10,9.343974e-10,0.465179,1.179594e+05,1.017139e+05,1.194770e+05
