log10_k0,beta_k_perMPa,log10_S0,beta_S_perMPa,rmse_Pa
-14.468521082957745,0.3,-13.602059991327963,0.8,1863778.1304229978
-14.168521082957744,0.3,-13.602059991327963,0.8,807570.2317975356
-14.468521082957745,0.4,-13.602059991327963,0.8,1034061.0202993454
-14.468521082957745,0.3,-13.102059991327963,0.8,1501471.0517431907
-14.468521082957745,0.3,-13.602059991327963,1.0,1620310.986565682
-14.318521082957743,0.35000000000000003,-13.352059991327963,0.9000000000000001,700785.6222820296
-14.243521082957738,0.3750000000000001,-13.227059991327963,0.9500000000000002,532071.02908544
-14.206021082957738,0.3875000000000001,-13.164559991327963,0.6750000000000003,562628.2218313869
-14.074771082957737,0.4312500000000002,-13.695809991327963,0.8125000000000002,779686.0059214915
-13.877896082957735,0.34687500000000016,-13.242684991327963,0.8187500000000003,1215329.1501652591
-14.320864832957742,0.38671875000000006,-13.512216241327963,0.8046875000000001,667497.6571659864
-14.254067957957732,0.49023437500000017,-13.197763116327963,0.8210937500000004,729858.079502152
-14.437466395457735,0.3884765625,-12.854989678827963,0.8128906250000003,624303.5284079857
-14.349868739207741,0.2786132812499999,-13.181649835077963,0.8001953124999999,1306269.3656854827
-14.278018153270235,0.4373291015625001,-13.193734796015463,0.8158691406250003,551253.5246684528
-14.26164852436398,0.40743408203125014,-12.707955987421713,0.8221923828125005,712554.9202572872
-14.306060755809302,0.3918975830078126,-13.3111511778514,0.8090637207031253,554443.3644849573
-14.079344142039774,0.4073867797851565,-13.593263299433431,0.8120758056640627,719816.2071105131
-14.347935832103245,0.39320411682128914,-13.03955808397933,0.8126869201660158,538957.235223086
-14.381746829112517,0.4112154006958008,-13.221192033259115,1.0188098907470706,499581.85164693964
-14.469609702189903,0.4230731010437011,-13.249508054224691,1.190714836120606,524772.3401113286
-14.319550192912569,0.4164767265319825,-13.029621274439535,0.9896192550659182,553840.0046230006
-14.316177833636752,0.4103319406509399,-13.100003750292501,0.9444803714752199,521723.7217712065
-14.366672635634892,0.35754662752151495,-13.100172133413992,1.047119450569153,601226.7477602699
-14.3001817738614,0.4173834830522538,-13.170344130365095,0.8736817181110385,518052.9816621955
-14.27287792768096,0.4137612953782082,-13.319741868643007,1.0807990700006487,550544.3699932011
-14.329171355997673,0.3983434114605189,-13.109604030145249,0.8797149576246741,513772.5074079073
-14.42011781334643,0.4436371179297566,-13.073511980703017,0.9083434689790013,486458.88150081167
-14.508416178540777,0.4779556768946349,-12.996737975390545,0.8875152034685021,481734.9497576451
-14.443580235119432,0.4421170454006643,-13.1489353342875,0.8853805135004227,509740.5018727581
-14.5312755255238,0.44743228417355574,-13.06789055617611,0.9620285645592962,565697.9660984316
-14.357955211777,0.4248956833325793,-13.144730736817849,0.8957684297231029,495364.1874258693
-14.516677871277192,0.47974849170132083,-13.146194009732255,0.9640220610948751,486552.1186490368
-14.43881781023431,0.4547905809115037,-13.105492043312381,0.9976772790163526,480905.6530420668
-14.43643659779175,0.4611273486669234,-13.083770397824821,1.0538256617743178,494558.1451290299
-14.52918670680212,0.5074798157242184,-12.9753853493674,0.8536815959043456,476462.8294137397
-14.602906645646922,0.5556120232384273,-12.852482007421543,0.771117448482983,486422.0212886183
-14.6385940716502,0.5350915992832596,-12.967173952083442,0.9556796400189346,489585.25465734367
-14.5684343566819,0.5075426202955895,-13.011563148267044,0.9407018374449767,479136.7367581902
-14.505749654852362,0.4941358552116525,-12.89839524843643,0.8757658968222135,485863.13652402663
-14.508481708958572,0.49053901433406955,-12.960344938760386,0.8978299378903788,478521.7427915829
-14.514044112797674,0.5022203387380557,-13.02965476446306,0.9574301216595247,481038.14932579704
-14.51263712923345,0.49615417327720046,-13.021425567194932,0.939951392111769,477251.2004940449
-14.620552140603708,0.5460672309040352,-12.8788674584825,0.8184051026593824,480541.1308891927
-14.575118558011358,0.5232480684059022,-12.935523604689969,0.8632231467486249,476967.5145518957
-14.49427769482085,0.5011679155751059,-12.9347765817393,0.8366411988825824,489294.1567930219
-14.549895191216638,0.5059489441154685,-12.992366506635108,0.9146866778043781,475910.36865321
-14.57493708367321,0.5258764864273253,-13.002005575183318,0.8879414683941799,476242.9139129312
-14.601931640618215,0.5351224840592569,-12.931214950742966,0.8198150523139953,479810.5901437276
-14.534960757079642,0.5058962509727145,-12.99887291308194,0.9099173071623257,475866.5057262358
-14.51937131137445,0.4993526802139612,-13.048791567443914,0.9198903778839895,474548.63254292135
-14.491497688055993,0.48740498611799055,-13.10542554882089,0.9482239934516716,474196.34751007194
-14.546458653210623,0.505083518092531,-13.073949922493227,0.976703127501932,475063.1423576486
-14.486469061108233,0.476290363222027,-13.083301870332264,0.9868240845659738,475989.9466125951
-14.508586066749476,0.4886868940233515,-13.062977796545027,0.9621034305230252,474970.3634796308
-14.490856391331231,0.4875868804878253,-13.128246583835434,0.9837872515150994,474376.4544488502
-14.48373864259402,0.47848488838813474,-13.18642701276535,1.0254915943335383,473181.0182474578
-14.458127585351207,0.46477920709584497,-13.280204062607055,1.0832787379191449,473280.5075283902
-14.440880741154734,0.46599830641612006,-13.167588548490123,0.9831000074097351,477265.14885339566
-14.520064175196651,0.49531221517342827,-13.097359578992451,0.9783023474788828,473951.8990382823
-14.48449238183947,0.4857075910603379,-13.195751565662036,1.0057991628665708,472396.79145500495
-14.472445539384466,0.4842179395788311,-13.26213845022054,1.0276470290383437,471426.68228802923
-14.493016631284334,0.485123134141367,-13.197428711564182,1.0060452306361187,472464.4288272544
-14.493134806173742,0.48416410252289,-13.266251327950371,1.0705191072917701,472094.3560815637
-14.45110363452163,0.4706828171421831,-13.358763172257769,1.0865491331710029,470966.8848933258
-14.416623364184119,0.4583681181265604,-13.489464968890427,1.1406725260170631,471262.7654593919
-14.471111663088067,0.4836091083045009,-13.355863818231079,1.0698886557350795,470174.06269872986
-14.46479817333509,0.48617121826268406,-13.440582220963947,1.0920871864358501,469708.8758783403
-14.44772444542313,0.4774949046119271,-13.46643887413213,1.1323559973323645,470204.91482578655
-14.424901090158414,0.4751193372749226,-13.49771003083682,1.0988005656970108,470371.26497025526
-14.421818132334664,0.47051619906702735,-13.619608698874792,1.1772494122797705,470963.73750225577
-14.428517286104018,0.48396801246609744,-13.653406740146076,1.1636974477014954,471752.9386036762
-14.445457047417227,0.47400411597316167,-13.432424064229846,1.105836211803626,470069.4216921175
-14.46962224583227,0.48587858899432035,-13.298968896206578,1.0372905683546554,470888.65510340314
-14.457671217457868,0.4820379915124971,-13.37912884687363,1.0722802793359343,470069.8917698733
-14.482924351658248,0.48473477790521236,-13.361576972262956,1.1024792717568768,470970.404036025
-14.439406905533373,0.47752319743249505,-13.463676766193355,1.0997202422119772,469904.33152295864
-14.455942226448652,0.4823733569784918,-13.39146707499826,1.0526059625613293,469650.02547534904
-14.460051116961417,0.4848125831617742,-13.35398117543133,1.0127309451758117,469896.87647014036
-14.445130958909303,0.4779979528109192,-13.484946216319077,1.102844522170457,469762.21941845416
-14.457182084695981,0.4880287467691335,-13.457912075007474,1.0677927448861808,469393.84943012986
-14.463044603335359,0.4950410621671194,-13.470656080396289,1.048771011427458,469514.84387331613
-14.472119816161142,0.4897624399781193,-13.42377702745102,1.0579449658149316,470087.43728869595
-14.447585133190316,0.4805830080689011,-13.453701831507772,1.0892764231127159,469589.26030986616
-14.467622849925714,0.49058021222868603,-13.386885384919648,1.0480366363275808,469565.5150221902
-14.44936797379524,0.48461144375992216,-13.40440096225263,1.0367686970080534,469606.8983726514
-14.454936794354975,0.4895283484348296,-13.459983051845501,1.068331288105936,469490.1595171171
-14.464295457288252,0.48974871399085296,-13.474840209387565,1.0999498492081532,469728.0909041191
-14.453099844668493,0.4858957613176549,-13.422010774036364,1.0525639850580784,469451.8545906798
-14.468835653632269,0.4964335263062509,-13.409693811396721,1.029085904076172,469446.54027930356
-14.449404338750146,0.48936297918524846,-13.48791447122338,1.0608503247356025,469441.03681322694
-14.45932416651847,0.4903321583543143,-13.42878251398647,1.0368151912720809,469347.3329307474
-14.461517852600217,0.49073406331405667,-13.413182245056952,1.0210571428551534,469492.8798748308
-14.46427327712994,0.49618294398981877,-13.470140661770658,1.0447080974269398,469551.6510558478
-14.455893202783855,0.4884675569856959,-13.434043245969939,1.0506000131502937,469355.0155400661
-14.442066242741959,0.48166219434094515,-13.494632341696907,1.0789432329459068,469521.27094569785
-14.462143300909691,0.4927406933149245,-13.430928443971768,1.0415502362936055,469355.4029545907
-14.46786703870385,0.49042159852678563,-13.387918668244442,1.0375287680654781,469481.2122811934
-14.454020013738571,0.48962763402063275,-13.462915520478646,1.0550199355680714,469355.67242353637
-14.45850825727931,0.49255527456865017,-13.420422787195935,1.024199943255845,469387.9079784261
-14.45817671413348,0.49142364261877103,-13.429795109148818,1.0350981436634288,469344.4475394289
-14.463748678434179,0.4918543916162201,-13.398859136059851,1.0270118566216333,469395.028511395
-14.456452179912473,0.49018432341952956,-13.446901424373948,1.048017915831462,469334.0555403104
-14.452779830764449,0.48746314737423085,-13.43883270276782,1.0437153956650271,469342.18153567106
-14.457473242880582,0.49123407889772697,-13.43811262916859,1.0312233100657056,469356.0796726884
-14.456288212808037,0.4891591874637037,-13.435060591769602,1.0457558373791467,469334.9263327607
-14.452524302290747,0.48878299208380327,-13.446512400043627,1.0494784549974516,469381.4267347538
-14.45762420046154,0.4899448667866866,-13.433214985500758,1.0399810072034237,469330.4809648319
-14.453395497839768,0.48695211990330434,-13.447209743057245,1.053636934376101,469346.8060807009
-14.456981410060052,0.4903057619399044,-13.434148767625924,1.0397328413415967,469332.3808889044
-14.4608931708566,0.49233392243068125,-13.435830181867294,1.0430284052127874,469348.9164286133
-14.454808165787487,0.4886808411383434,-13.438082072542688,1.0435436480519673,469331.26695611916
-14.456644765302741,0.49039870917852835,-13.441113033252055,1.0398818688350784,469329.934480139
-14.456823041550095,0.49101847003594057,-13.444139253993278,1.0369448845630442,469341.0868533068
-14.456577090893434,0.4894807661022018,-13.426378005086768,1.033551766884571,469344.8255914795
-14.456483407657714,0.4900084340901976,-13.441770569552153,1.0444013785947392,469328.3398439535
-14.455798859544686,0.48921066365697363,-13.442941562797902,1.0441711100010074,469332.7016737734
-14.45668577243121,0.4900319873691717,-13.436346966418919,1.0408424085064494,469328.77804070653
-14.458910907139117,0.4915111575739487,-13.43814070481925,1.039009683517878,469332.9613398158
-14.455833851125394,0.4893884202472447,-13.438096730611829,1.042410156918445,469328.34459443076
-14.45519969779699,0.4899689086558845,-13.44544866441672,1.0437868992239325,469332.2749287549
-14.457018074795403,0.48995087725398606,-13.436273405229748,1.040932480208551,469328.1318908738
-14.456365787702119,0.4892911503017716,-13.435130802654271,1.0444113432790139,469331.73682280316
-14.456575020902585,0.4901218194593392,-13.43961747560261,1.0410142374460623,469327.99040236877
-14.456269404809337,0.4897027881562121,-13.44153212407925,1.0435367180774493,469327.83712239185
-14.4560612209984,0.4895381885497322,-13.444124702909416,1.044883872862949,469329.90480397653
-14.457339102957125,0.4905035392326227,-13.441500056620054,1.0425322502449557,469328.8136560447
-14.456210164083327,0.4896671999935892,-13.438947562113885,1.0424406802500727,469327.5773414396
-14.456552924637613,0.48971290834136566,-13.436414713960593,1.0395606793963283,469331.12372975907
-14.456500786902689,0.48993455265298963,-13.440431605654263,1.0431912037951365,469327.4231337394
-14.455759613553568,0.48976230287707895,-13.443990978495258,1.0441589395758095,469328.15139008104
-14.456703459484945,0.48990373365975926,-13.438202798546126,1.0417390950503655,469327.6082176566
-14.456266886737565,0.48948231777193596,-13.439939569594156,1.0444396111404497,469327.5264041179
-14.456571243794922,0.4897911138829248,-13.437228643874969,1.0423685770405628,469328.00562530226
-14.456344864555733,0.4897248695878903,-13.440456254028181,1.0432446828182278,469327.4459366602
-14.455957891654709,0.48950073634344327,-13.441684697149118,1.044918993951578,469327.55732619885
-14.456325050842022,0.48965403818454034,-13.442308501098974,1.0454565656026231,469327.67066773406
-14.456238885773,0.489663909541327,-13.439787796860157,1.0431946515882102,469327.378811432
-14.456717820329786,0.48990208843362815,-13.438622915919264,1.0421160807194343,469327.4983946823
-14.45663429204304,0.49013039233598155,-13.43970971663678,1.041433698320055,469327.7796993348
-14.456358738063933,0.48964433641294736,-13.439882106354812,1.0436881329353511,469327.3451603857
-14.456003817317892,0.48958174566394896,-13.441655965529439,1.0445432548490285,469327.49394977733
-14.456182318070866,0.4896618313563688,-13.440897703126895,1.04393646131663,469327.35526531585
-14.456295499849512,0.4897274453939262,-13.440043351969884,1.0437605419994358,469327.5169159939
-14.456332523379178,0.4897255135393993,-13.440353028513606,1.0433736476135298,469327.336391779
