time_s,p_sim_Pa,p_meas_Pa
2500.0,0.0,23290.618367662
2510.0,264240.35135095404,17467.96377574511
2520.0,300827.75013951305,11645.309183829999
2530.0,328139.9641060841,11645.309183829999
2540.0,352256.2630422299,5822.654591914888
2550.0,374146.4549246852,5822.654591914888
2560.0,394122.2814362403,5240.389132718097
2570.0,412372.156022819,5822.654591914888
2580.0,429049.9128596403,-10480.778265451001
2590.0,444292.22610418824,-11645.309183830443
2600.0,458223.0368377429,-11645.309183830443
2610.0,470955.33460743004,-11645.309183830443
2620.0,482592.2883396386,-11645.309183830443
2630.0,493228.1528561802,-11645.309183830443
2640.0,502949.05868719635,-11645.309183830443
2650.0,511833.7202123557,-5822.654591915555
2660.0,519954.0775080302,1159872.794709608
2670.0,1056936.8508999422,1647228.984052852
2680.0,1121520.4017463317,1726999.3519620856
2690.0,566215.6274103951,31151.202066744667
2700.0,557626.4227112138,628846.6959269856
2710.0,871207.7709018248,1483030.1245608348
2720.0,907166.2540446948,1572116.7398171348
2730.0,926216.931276523,1595989.6236439939
2740.0,940013.5041325025,1612875.3219605424
2750.0,951459.0096367551,1612875.3219605424
2760.0,961673.9529140492,1619280.2420116507
2770.0,971175.9908385312,1624520.6311443725
2780.0,980226.5314921697,1625685.162062752
2790.0,988964.4422656209,1624520.6311443725
2800.0,997466.0624750855,2326150.509470191
2810.0,2606338.919218064,2815544.6279206695
2820.0,2832905.6104654227,2918314.4814679595
2830.0,2947457.438200991,2957908.532692979
2840.0,3024411.5822106134,2981199.1510606413
2850.0,3082508.85387182,2992844.4602444717
2860.0,3129276.6144089624,2998667.114836387
2870.0,3168487.821637954,2998667.114836387
2880.0,3202303.4417323396,3010312.4240202173
2890.0,3232078.009128521,3016135.0786121334
2900.0,3258718.0899426164,3016135.0786121334
2910.0,3282861.5353461094,3027780.3877959643
2920.0,3304975.162472816,3023704.5295816245
2930.0,3325411.6215121653,3027780.3877959643
2940.0,3344444.294199898,3297951.5608608346
2950.0,3592715.908089672,3464479.4821896115
2960.0,3640935.817302839,3499997.6752002942
2970.0,3671993.9747551857,3516883.3735168492
2980.0,3696902.09033247,3516883.3735168492
2990.0,3718486.341735266,3522706.0281087663
3000.0,3737916.4399175663,3516883.3735168492
3010.0,3755801.895975382,3510187.320736146
3020.0,3772507.9502204563,3499415.409741104
3030.0,3788275.0437036855,3499415.409741104
3040.0,3803272.440729387,3504655.7988738297
3050.0,3817625.366876901,3499415.409741104
3060.0,3831430.030707447,3457492.2966793138
3070.0,3844762.539400599,3476124.791373444
3080.0,3857684.495511844,3872065.3036236665
3090.0,4107103.8896945305,4081680.8689326365
3100.0,4152546.511445822,4110794.141892212
3110.0,4180651.0058372086,4128262.1056679576
3120.0,4202803.586330027,4134084.760259874
3130.0,4221885.358152954,4134084.760259874
3140.0,4239063.627883475,4139907.4148517894
3150.0,4254930.224022094,4154464.051331568
3160.0,4269828.804121024,4163198.0332194497
3170.0,4283978.133545559,4169020.687811365
3180.0,4297527.076335381,4169020.687811365
3190.0,4310582.191320405,4476456.850264462
3200.0,4701981.191496949,4925965.784760356
3210.0,4768766.336675879,4942560.350347315
3220.0,4807385.64558003,4927130.315678735
3230.0,4836420.989388702,4931788.439352271
3240.0,4860564.556031985,4925965.784760356
3250.0,4881712.255615233,4939066.757592162
3260.0,4900821.209286396,4943433.748536103
3270.0,4918443.958055233,4955079.057719933
3280.0,4934929.718096824,4972547.021495678
3290.0,4950514.152598699,4966724.366903763
3300.0,4965364.408789499,4966724.36690376
3310.0,5236572.644115437,5417106.699588411
3320.0,5287775.625297932,5420891.425073158
3330.0,5319391.559261565,5414777.637751651
3340.0,5344227.776648354,5409246.115889328
3350.0,5365533.398155463,5420891.425073158
3360.0,5384631.343896793,5432536.734256988
3370.0,5402195.969196114,5432536.734256988
3380.0,5418620.943197617,5443017.512522432
3390.0,5434158.114309837,5455827.35262465
3400.0,5448979.615421079,5467472.6618084805
3410.0,5463209.124014565,5473295.316400396
3420.0,5476939.039853579,5479117.970992311
3430.0,5490240.588240357,5490763.280176141
3440.0,5503170.0937802335,5502408.589359974
3450.0,5515773.052714026,5514053.898543803
3460.0,5528086.87553054,5629342.459463709
3470.0,5707435.64286178,5874767.350512951
3480.0,5743966.478959859,5870982.625028207
3490.0,5767712.226164075,5880881.137834468
3500.0,5787058.495667715,5880881.137834468
3510.0,5804125.0607795175,5890488.517911133
3520.0,5819771.22756993,5898349.101610214
3530.0,5834432.84743902,5909994.410794044
3540.0,5848363.06138478,5921639.719977875
3550.0,5861723.030872615,5933285.029161706
3560.0,5874622.426724947,5939107.683753621
3570.0,5887139.753246968,6064003.624750196
3580.0,5991174.776569912,6218595.104165556
3590.0,6016722.093249978,6206949.7949817255
3600.0,6035093.3721616585,6215683.776869593
3610.0,6050929.529210778,6218595.104165556
3620.0,6065413.057605801,6218595.104165556
3630.0,6079028.971554301,6230240.413349387
3640.0,6092026.852240519,6230240.413349387
3650.0,6104554.014932941,6236063.067941302
3660.0,6116705.8595562475,6297783.206615562
3670.0,6197949.069320492,6451501.287842169
3680.0,6219875.878167894,6429957.465852076
3690.0,6236321.992623849,6430248.598581685
3700.0,6250812.0079218885,6434033.324066423
3710.0,6264247.208899824,6437818.049551175
3720.0,6276999.06414192,6434033.324066423
3730.0,6289259.764818239,6434324.456796014
3740.0,6301143.385732308,6613371.085497401
3750.0,6402206.465447337,6569410.04332846
3760.0,6426943.221528397,6456741.676974901
3770.0,6444662.160004617,6434033.324066423
3780.0,6459917.851377438,6439855.978658338
3790.0,6473870.008134457,6427337.271285732
3800.0,6486993.5618044045,6416565.360290676
3810.0,6499532.189533883,6410742.705698761
3820.0,6569382.395746005,6632003.580191543
3830.0,6589805.001025219,6628801.120165996
3840.0,6605539.628467215,6608712.961823883
3850.0,6619560.584433181,6608712.961823883
3860.0,6632637.912018359,6602890.307231967
3870.0,6645093.766754937,6597067.652640051
3880.0,6657097.358493058,6591244.998048136
3890.0,6668750.527264009,6587460.272563398
3900.0,6680120.393977949,6591244.998048108
3910.0,6736448.461742491,6740596.088330772
3920.0,6754191.656182276,6719343.399070273
3930.0,6768307.419365715,6690230.126110696
3940.0,6781112.998093766,6684407.471518782
3950.0,6793202.318667569,6680040.480574851
3960.0,6804821.173641203,6678584.816926866
3970.0,6816097.397297994,6664319.313176685
3980.0,6827107.320216003,6668104.0386614315
3990.0,6837900.9646091275,4991761.781649229
4000.0,1823743.3194614295,1831224.8691575765
