time_s,p_sim_Pa,p_meas_Pa,k_mean,S_mean
2500.0,0.0,23290.618367662,,
2510.0,249463.96190191992,17467.96377574511,3.496773293801908e-15,3.6278303646030375e-14
2520.0,267378.2724938744,11645.309183829999,3.559359039016557e-15,3.768379998634112e-14
2530.0,287120.91655477136,11645.309183829999,3.602011922062946e-15,3.865401802730625e-14
2540.0,304441.9163406354,5822.654591914888,3.639196023774034e-15,3.950961395163056e-14
2550.0,320122.7545369759,5822.654591914888,3.672922156459741e-15,4.029416332193249e-14
2560.0,334425.76234772406,5240.389132718097,3.703818599816494e-15,4.102015160336051e-14
2570.0,347516.28560454864,5822.654591914888,3.732226139895397e-15,4.1693822625457996e-14
2580.0,359523.8029600503,-10480.778265451001,3.7583987795777424e-15,4.2319733695309847e-14
2590.0,370557.6824661533,-11645.309183830443,3.78254905768917e-15,4.290174359014613e-14
2600.0,380712.6925128915,-11645.309183830443,3.804861690434112e-15,4.3443277694210066e-14
2610.0,390071.85975521756,-11645.309183830443,3.8254995997251155e-15,4.394742644965502e-14
2620.0,398708.40607786924,-11645.309183830443,3.8446076025432036e-15,4.441699794022978e-14
2630.0,406687.2298860536,-11645.309183830443,3.862315101853198e-15,4.4854554035402575e-14
2640.0,414066.09537538653,-11645.309183830443,3.878738206648898e-15,4.5262438567307626e-14
2650.0,420896.60887467675,-5822.654591915555,3.893981462665485e-15,4.564280060871972e-14
2660.0,427225.0307819736,1159872.794709608,3.908139292910067e-15,4.5997614272096e-14
2670.0,1076932.4002142537,1647228.984052852,3.921297211772642e-15,4.6328695832584623e-14
2680.0,1044438.1874748277,1726999.3519620856,4.114955579144001e-15,5.1492965711385316e-14
2690.0,560306.0556275593,31151.202066744667,4.241908890680522e-15,5.4943745656446745e-14
2700.0,550838.6058682683,628846.6959269856,4.188047280457181e-15,5.332467500975583e-14
2710.0,859762.8927377546,1483030.1245608348,4.174541429176091e-15,5.2950732542756894e-14
2720.0,862369.019032621,1572116.7398171348,4.2569590365219405e-15,5.525738103237051e-14
2730.0,881965.4275189117,1595989.6236439939,4.312024641075322e-15,5.67990765235803e-14
2740.0,898750.0663993221,1612875.3219605424,4.360287654163007e-15,5.81653029574601e-14
2750.0,914127.7556511434,1612875.3219605424,4.4044292586736375e-15,5.942933077474748e-14
2760.0,928310.2076311761,1619280.2420116507,4.445279935282802e-15,6.061201845780164e-14
2770.0,941436.9992028696,1624520.6311443725,4.483246831877569e-15,6.172245804387797e-14
2780.0,953613.8090361459,1625685.162062752,4.518612901332921e-15,6.276660188202138e-14
2790.0,964929.1237811637,1624520.6311443725,4.551608544123254e-15,6.374926958718548e-14
2800.0,975459.7271761661,2326150.509470191,4.582432643462009e-15,6.467468987799994e-14
2810.0,4079241.031850232,2815544.6279206695,4.611260761596575e-15,6.554668026972192e-14
2820.0,2781389.380452391,2918314.4814679595,5.787632601165818e-15,1.1508005272685577e-13
2830.0,3041415.5599433566,2957908.532692979,6.3141500104840855e-15,1.335562708070086e-13
2840.0,3067136.277063242,2981199.1510606413,6.762850212755149e-15,1.5363779616695723e-13
2850.0,3108957.859309462,2992844.4602444717,7.156378793366898e-15,1.7265617699673376e-13
2860.0,3145986.6205311846,2998667.114836387,7.507482390800201e-15,1.9069486495616268e-13
2870.0,3179697.895360999,2998667.114836387,7.825142774558513e-15,2.0788220453519984e-13
2880.0,3210613.672971192,3010312.4240202173,8.115646454372161e-15,2.2432232454701449e-13
2890.0,3239131.0147761703,3016135.0786121334,8.38355226787296e-15,2.400968978635911e-13
2900.0,3265569.9989515366,3016135.0786121334,8.632283298549413e-15,2.5527092989228134e-13
2910.0,3290190.5370726567,3027780.3877959643,8.86448643859583e-15,2.6989737105671833e-13
2920.0,3313206.5454208776,3023704.5295816245,9.082258400373352e-15,2.8402025552237367e-13
2930.0,3334796.183373117,3027780.3877959643,9.287293721417918e-15,2.9767685482316585e-13
2940.0,3355109.411903157,3297951.5608608346,9.480985208223544e-15,3.1089918969692234e-13
2950.0,3660830.7187162433,3464479.4821896115,9.664494231138838e-15,3.237151185056838e-13
2960.0,3626215.472458589,3499997.6752002942,9.988561494788241e-15,3.4925281432995107e-13
2970.0,3656002.239421797,3516883.3735168492,1.024809039555916e-14,3.6887505252996604e-13
2980.0,3676637.8650830686,3516883.3735168492,1.0483889938967544e-14,3.8703402138963776e-13
2990.0,3696213.8985744994,3522706.0281087663,1.070359335893667e-14,4.042982959903668e-13
3000.0,3714583.809271129,3516883.3735168492,1.0910794908747803e-14,4.2092610735352314e-13
3010.0,3731946.4272969933,3510187.320736146,1.110747394759585e-14,4.370357097357673e-13
3020.0,3748423.415033008,3499415.409741104,1.1294919224020506e-14,4.526913685300508e-13
3030.0,3764105.1164022777,3499415.409741104,1.1474072288113696e-14,4.679333357530235e-13
3040.0,3779063.342698005,3504655.7988738297,1.1645676365540566e-14,4.827901709679017e-13
3050.0,3793357.930508679,3499415.409741104,1.1810347549557076e-14,4.972841729523979e-13
3060.0,3807040.245759733,3457492.2966793138,1.1968612310719092e-14,5.114339279923064e-13
3070.0,3820155.2245540554,3476124.791373444,1.2120929313592256e-14,5.252555853946562e-13
3080.0,3832742.6697271736,3872065.3036236665,1.2267703352226774e-14,5.387635441178659e-13
3090.0,4127859.055030533,4081680.8689326365,1.2409294993538278e-14,5.519708534396274e-13
3100.0,4094165.5133336606,4110794.141892212,1.2705744230599332e-14,5.835279518019159e-13
3110.0,4117370.8218458574,4128262.1056679576,1.294002744209228e-14,6.070072535689195e-13
3120.0,4133005.297938532,4134084.760259874,1.3152655733106393e-14,6.284269983026254e-13
3130.0,4147729.299520542,4134084.760259874,1.3351518111964092e-14,6.486644568381548e-13
3140.0,4161560.5048299767,4139907.4148517894,1.3540284010597453e-14,6.681271265827412e-13
3150.0,4174696.7633609576,4154464.051331568,1.3720877824843687e-14,6.870081509995761e-13
3160.0,4187249.312016707,4163198.0332194497,1.3894451253544156e-14,7.054102856748461e-13
3170.0,4199290.34734299,4169020.687811365,1.4061769575180258e-14,7.23393176972512e-13
3180.0,4210870.629636516,4169020.687811365,1.422338869756389e-14,7.409945717998764e-13
3190.0,4222028.581590219,4476456.850264462,1.4379742355643027e-14,7.582405114831239e-13
3200.0,4778331.939704275,4925965.784760356,1.4531187447935e-14,7.751504625073269e-13
3210.0,4676371.023513558,4942560.350347315,1.5015635401994006e-14,8.412949784370481e-13
3220.0,4711411.8695637155,4927130.315678735,1.5369388060620005e-14,8.852355268749857e-13
3230.0,4728579.174969944,4931788.439352271,1.5683026709654244e-14,9.243670407130532e-13
3240.0,4744840.318039898,4925965.784760356,1.5971980984426782e-14,9.606886651345774e-13
3250.0,4759842.653699791,4939066.757592162,1.6243681429101046e-14,9.952708877018264e-13
3260.0,4773932.309193515,4943433.748536103,1.650205663252739e-14,1.0286389072042733e-12
3270.0,4787299.131542643,4955079.057719933,1.6749447184072762e-14,1.0610799020582333e-12
3280.0,4800063.611957016,4972547.021495678,1.6987373025154305e-14,1.0927617072213118e-12
3290.0,4812306.593334169,4966724.366903763,1.721689654264767e-14,1.1237883504007279e-12
3300.0,4824085.560440515,4966724.36690376,1.7438809066132976e-14,1.1542281647058758e-12
3310.0,5276356.459797132,5417106.699588411,1.7653732050961042e-14,1.1841287480876889e-12
3320.0,5198775.991408733,5420891.425073158,1.8169715765794042e-14,1.2730028984154517e-12
3330.0,5228939.624680438,5414777.637751651,1.857134482776116e-14,1.3356216548657957e-12
3340.0,5245111.98366092,5409246.115889328,1.8933156275295137e-14,1.391988645039678e-12
3350.0,5260225.247137297,5420891.425073158,1.926927723994274e-14,1.4446125956755017e-12
3360.0,5274159.294874816,5432536.734256988,1.9586839403027323e-14,1.494847605066729e-12
3370.0,5287229.437679334,5432536.734256988,1.9889822836714784e-14,1.5433929541207408e-12
3380.0,5299621.525488361,5443017.512522432,2.0180705856487803e-14,1.590650072007379e-12
3390.0,5311456.444583443,5455827.35262465,2.046115101000153e-14,1.6368643222986307e-12
3400.0,5322816.303134612,5467472.6618084805,2.0732342638660358e-14,1.6821931669908618e-12
3410.0,5333759.353839556,5473295.316400396,2.0995169041594226e-14,1.7267421773968445e-12
3420.0,5344328.716804393,5479117.970992311,2.1250326587214757e-14,1.7705852021142974e-12
3430.0,5354557.623053799,5490763.280176141,2.1498381789348265e-14,1.8137761196563985e-12
3440.0,5364472.641429785,5502408.589359974,2.1739809661247767e-14,1.8563558920337366e-12
3450.0,5374095.708432945,5514053.898543803,2.197501820171302e-14,1.898356900209843e-12
3460.0,5383445.432847303,5629342.459463709,2.2204364532029008e-14,1.9398056649990014e-12
3470.0,5703499.841573462,5874767.350512951,2.242816587136405e-14,1.9807245882890224e-12
3480.0,5660495.592144595,5870982.625028207,2.2884563078652037e-14,2.0829838730728936e-12
3490.0,5682096.570916066,5880881.137834468,2.3259120658845594e-14,2.1593243778734068e-12
3500.0,5695534.49589081,5880881.137834468,2.360224276599264e-14,2.2286272967908616e-12
3510.0,5707853.288499899,5890488.517911133,2.3924476389286293e-14,2.293676679250204e-12
3520.0,5719199.254360249,5898349.101610214,2.4231307589946257e-14,2.355931906125574e-12
3530.0,5729832.294967037,5909994.410794044,2.4525919119230346e-14,2.416181574916512e-12
3540.0,5739913.898082446,5921639.719977875,2.4810353646549596e-14,2.474899101119517e-12
3550.0,5749551.2004951015,5933285.029161706,2.508601013195416e-14,2.5323868954171788e-12
3560.0,5758817.80938243,5939107.683753621,2.5353894443100854e-14,2.588846598374166e-12
3570.0,5767765.936488004,6064003.624750196,2.561475988507389e-14,2.6444172608608497e-12
3580.0,5960793.61819986,6218595.104165556,2.5869191256015206e-14,2.6991976340541662e-12
3590.0,5943135.494596396,6206949.7949817255,2.6268050020634006e-14,2.8004468264597513e-12
3600.0,5958782.030873995,6215683.776869593,2.6616322695838093e-14,2.882437304771915e-12
3610.0,5970123.356447833,6218595.104165556,2.6942426285996866e-14,2.9585630818230013e-12
3620.0,5980577.848673314,6218595.104165556,2.7252956526827987e-14,3.031058523105159e-12
3630.0,5990320.8803626355,6230240.413349387,2.7551456080702032e-14,3.1010703457922357e-12
3640.0,5999528.447068053,6230240.413349387,2.78400661694609e-14,3.169234452622233e-12
3650.0,6008313.119539256,6236063.067941302,2.8120214544330834e-14,3.235943086138496e-12
3660.0,6016751.225388764,6297783.206615562,2.8392914888910425e-14,3.3014543886982018e-12
3670.0,6173300.747098068,6451501.287842169,2.865892002296007e-14,3.3659458726829082e-12
3680.0,6161918.55821628,6429957.465852076,2.9045051607169996e-14,3.474808245138693e-12
3690.0,6175546.256674986,6430248.598581685,2.938921449302966e-14,3.5654062678359823e-12
3700.0,6185893.82508262,6434033.324066423,2.9714028539883574e-14,3.650171346321927e-12
3710.0,6195444.823876101,6437818.049551175,3.0024937225778916e-14,3.7312725609830844e-12
3720.0,6204372.333643534,6434033.324066423,3.032491200016901e-14,3.8098222377653276e-12
3730.0,6212826.904318395,6434324.456796014,3.0615783397641276e-14,3.88644696773498e-12
3740.0,6220906.008076371,6613371.085497401,3.0898793396645e-14,3.9615394498107035e-12
3750.0,6442655.250507382,6569410.04332846,3.117483820195365e-14,4.035362570959393e-12
3760.0,6420583.433356157,6456741.676974901,3.1634100593259625e-14,4.184690517408204e-12
3770.0,6436484.843303227,6434033.324066423,3.2033248257495e-14,4.303385665951108e-12
3780.0,6447652.504250841,6439855.978658338,3.240632676312263e-14,4.412739307530991e-12
3790.0,6457785.974082568,6427337.271285732,3.276111088277545e-14,4.516265816012868e-12
3800.0,6467113.888700922,6416565.360290676,3.3101831604751073e-14,4.615795687486283e-12
3810.0,6475841.570312735,6410742.705698761,3.343107941518107e-14,4.712364561076837e-12
3820.0,6636225.85765352,6632003.580191543,3.375060031751235e-14,4.806624322126456e-12
3830.0,6624586.501234898,6628801.120165996,3.420266428011146e-14,4.9632816716119506e-12
3840.0,6638207.496153438,6608712.961823883,3.4608761073805485e-14,5.094005675089494e-12
3850.0,6648545.25445123,6608712.961823883,3.4992744431358536e-14,5.2161743030014604e-12
3860.0,6658002.672946688,6602890.307231967,3.536052130172139e-14,5.3328696738111895e-12
3870.0,6666782.405896348,6597067.652640051,3.5715419022452215e-14,5.4457026090709535e-12
3880.0,6675047.168892863,6591244.998048136,3.6059545672476084e-14,5.555604778859777e-12
3890.0,6682904.291509194,6587460.272563398,3.6394363291405604e-14,5.663174178662674e-12
3900.0,6690428.433298005,6591244.998048108,3.672094709036115e-14,5.768820804460273e-12
3910.0,6823343.569988478,6740596.088330772,3.7040120025917656e-14,5.872838388931058e-12
3920.0,6815779.396702195,6719343.399070273,3.74729891032983e-14,6.037376483001285e-12
3930.0,6827587.644022473,6690230.126110696,3.786807663560487e-14,6.177683186728639e-12
3940.0,6836878.044540477,6684407.471518782,3.824454572724398e-14,6.309865556813253e-12
3950.0,6845418.165135259,6680040.480574851,3.860713042435062e-14,6.436829279220351e-12
3960.0,6853388.472222364,6678584.816926866,3.895849983430429e-14,6.5600719570064474e-12
3970.0,6860923.605528916,6664319.313176685,3.9300357451839053e-14,6.680459920911896e-12
3980.0,6868112.144140732,6668104.0386614315,3.9633895661320256e-14,6.798550570216866e-12
3990.0,6875015.699825114,4991761.781649229,3.9960001231726055e-14,6.914728124578317e-12
4000.0,5647987.225024443,1831224.8691575765,4.0279361199019384e-14,7.029270029231455e-12
