t_end_s,q_lpm,q_m3s
2659.0,0.0012019010106818916,2.003168351136486e-08
2683.0,0.6265196496455947,1.0441994160759912e-05
2700.8,0.01905790680858853,3.1763178014314213e-07
2795.5,0.5290619445044553,8.817699075074256e-06
2936.2,1.1279416188883933,1.8799026981473222e-05
3077.0,1.430223616876225,2.3837060281270416e-05
3189.2,1.9603898557520318,3.267316426253386e-05
3303.2,3.0389238801461254,5.064873133576875e-05
3461.5,4.027789302901999,6.712982171503331e-05
3571.0,5.040806449731979,8.401344082886631e-05
3661.2,6.027868911713504,0.00010046448186189173
3736.2,7.081763045450771,0.00011802938409084618
3815.5,8.058177921237041,0.00013430296535395068
3902.0,9.098669821941007,0.0001516444970323501
3988.2,10.038516575333073,0.00016730860958888454
4259.6,0.0054914298037069716,9.152383006178286e-08
