time_s,"pressure_(0,0)_Pa","pressure_(1,0)_Pa","pressure_(2,0)_Pa","pressure_(5,0)_Pa","pressure_(10,0)_Pa"
2500.0,0.0,0.0,0.0,0.0,0.0
2510.0,3941.0830488639517,813.8529366898292,131.6698842105322,1.7659522060753383,5.088657738218608e-05
2520.0,5138.102862208413,1470.403352780645,353.46217398830714,9.68941718517108,0.0012775927238617534
2530.0,5741.088288387336,1919.9210777089163,585.0422594141314,26.697610329739895,0.012130278612388563
2540.0,6137.774823900271,2250.98247802797,796.5199255627783,52.71749654289256,0.0643823466123421
2550.0,6434.349931690843,2511.6305386457443,983.7286856833964,86.05682284960662,0.22988099875664067
2560.0,6671.828425299321,2726.4407462128115,1149.242721509275,124.69071174976303,0.6201853371946744
2570.0,6870.13211977871,2909.1259674006205,1296.623983670476,166.8406565626187,1.367598000917131
2580.0,7040.472601530327,3068.046812490856,1429.0339457479135,211.12366511127559,2.600988291084817
2590.0,7189.811977401865,3208.6713314706753,1549.0261313847761,256.5261048522917,4.427696804244797
2600.0,7322.7835023367825,3334.773047250844,1658.617662090483,302.3287745378194,6.924815578559285
2610.0,7442.632259105699,3449.066860416075,1759.4026292617355,348.03191907484415,10.138099139980026
2620.0,7551.72209112717,3553.5717775001767,1852.6513390776684,393.2942723853736,14.085409681918387
2630.0,7651.829430229781,3649.830250472254,1939.3871381239471,437.8873410107862,18.76209709135383
2640.0,7744.323599910705,3739.047263877947,2020.4438113823876,481.66232902376737,24.146662417063844
2650.0,7830.282642400217,3822.1820620711605,2096.5081743768924,524.5265863375528,30.205854532547477
2660.0,1364472.6339857618,389447.03699245706,107327.06966980472,6533.131367412092,76.48078528974894
2670.0,1699309.5400379198,619946.2429792281,226705.91254551202,21308.96905421156,272.80624376012435
2680.0,1866254.1275456306,762753.4742331937,326492.61821935774,42694.16551019059,824.6658275251639
2690.0,1977414.8089011814,864201.8582232873,407153.10713474586,67569.69135112285,1953.569505982964
2700.0,2061045.0839297157,942643.401218329,473632.8663812563,93697.20735414192,3818.6174009508973
2710.0,2128161.592607899,1006535.7935246541,529803.5519191426,119787.60062086437,6485.723145024658
2720.0,2184234.791014381,1060412.31453315,578296.9054916354,145178.11357141862,9939.743738384564
2730.0,2232393.6164306905,1106978.5166377304,620900.8137257217,169563.22927708353,14113.041701440608
2740.0,2274599.6295946203,1147976.9118439197,658862.949452069,192829.4568467806,18912.23458483369
2750.0,2312164.733589496,1184594.7889216966,693080.9086395483,214963.02034841335,24236.912582830264
2760.0,2346009.8572899704,1217676.999785149,724218.9412302852,235999.92362086847,29990.584040064696
2770.0,2376806.3596478347,1247845.842496153,752781.0224837334,255999.23756321182,36086.05552240359
2780.0,2405058.762517897,1275572.782154077,779157.9162444966,275028.9120168778,42447.38671285165
2790.0,2431155.8156855693,1301223.4811952976,803658.3817043249,293158.3429792424,49009.95683786782
2800.0,2455403.4125521667,1325087.2187275013,826530.4366302976,310454.6004150987,55719.605653367325
2810.0,2947177.415865439,1507561.4491583186,908357.4265436687,339886.5456214273,66282.46872140936
2820.0,3080023.1833354966,1614928.3027007314,984518.7231808677,372292.74429495755,77183.75264528103
2830.0,3159238.5170529257,1688590.805142802,1047106.5892896787,405467.77517217863,88513.08619698964
2840.0,3219421.590158962,1746446.188751066,1099569.0217608088,437854.89290087996,100294.38413568406
2850.0,3269355.764282814,1795055.4696596465,1144935.4336261572,468770.4555805634,112473.46390419515
2860.0,3312629.897455367,1837449.1268152972,1185117.2804032976,498019.4112265549,124950.61428587636
2870.0,3351114.9613835397,1875293.6565915672,1221329.437544115,525622.9845298103,137614.77006741782
2880.0,3385933.4056522422,1909618.1896799332,1254384.1175384608,551684.958294965,150363.92929448214
2890.0,3417823.0336386813,1941111.4011967075,1284852.1674958123,576333.1266264108,163113.32383422583
2900.0,3447300.994346343,1970261.835233787,1313152.0914357295,599695.1989855354,175796.54544327903
2910.0,3474747.407590511,1997431.661192107,1339601.4732732652,621889.6992378959,188363.57620641938
2920.0,3500452.0242449353,2022898.6971669989,1364448.187593042,643023.2489523254,200777.88926793763
2930.0,3524642.123523336,2046881.9206649524,1387890.22220514,663190.4890298696,213013.59820931527
2940.0,3547500.133888534,2069557.7690804026,1410088.7796886074,682475.0121883819,225053.00952882093
2950.0,3569175.2724015783,2091071.0042339587,1431177.2414076712,700950.6030747627,236884.64862871225
2960.0,3799430.998870259,2188512.8357631974,1483154.768435781,726713.5314555897,251875.52796982598
2970.0,3867205.223270684,2247047.130886153,1529637.9489091611,753713.6306262736,266734.78189817
2980.0,3912125.770416411,2290048.7388564544,1568629.0747838244,780450.4173753352,281553.6728236663
2990.0,3948727.14450413,2325838.723958657,1602481.069252195,806164.5072475722,296340.7145412439
3000.0,3980691.019490877,2357329.472636246,1632788.1309870358,830633.8589730682,311051.19355273957
3010.0,4009535.2158084735,2385849.6778996065,1660480.5366592484,853865.1198632016,325624.67889612494
3020.0,4036057.713887925,2412128.8297173833,1686130.9299322024,875941.8610670697,340006.61079188535
3030.0,4060742.1509288964,2436619.545246378,1710117.7636802848,896965.1795499885,354155.7197924925
3040.0,4083910.586928284,2459627.6282931888,1732706.960939266,917032.839160452,368044.1993266658
3050.0,4105792.317206102,2481372.924246042,1754094.794225884,936233.0047580313,381655.32204062643
3060.0,4126558.8820980634,2502021.0365410186,1774431.8879552556,954643.2493420809,394980.6766389073
3070.0,4146343.5542726195,2521701.2767534475,1793837.4781187535,972331.3309135016,408017.79219333245
3080.0,4253543.416997143,2573975.1526747253,1826807.1230852634,993154.7286527213,422500.5500689595
3090.0,4291536.249828453,2608431.289169104,1856478.2566945828,1014229.7856050669,436754.41348099004
3100.0,4319826.301764045,2635983.5687098224,1882443.5775286278,1034829.4317577214,450823.90879301575
3110.0,4344389.843840297,2660221.273865874,1905887.9951182082,1054649.5776556544,464707.7966343051
3120.0,4366756.345428841,2682388.004963386,1927548.1285101566,1073635.571490934,478382.4652364033
3130.0,4387568.073445719,2703056.2243878883,1947845.9739934434,1091824.4095425205,491821.89465181594
3140.0,4407169.785725959,2722545.4047624934,1967042.113598073,1109277.725095943,505006.4276985469
3150.0,4425775.306612158,2741057.8734395374,1985311.0208477161,1126058.5957967434,517924.3996411614
3160.0,4443530.573785254,2758733.5012289397,2002777.5228514152,1142224.6419144627,530570.9413267159
3170.0,4460542.148539067,2775675.2895562067,2019535.6617499327,1157826.671477866,542946.1782696807
3180.0,4476891.78303786,2791962.728759177,2035659.1777137388,1172909.0727370859,555053.6354022752
3190.0,4492644.570627992,2807659.383713728,2051207.7216307854,1187510.6536682067,566899.0291360031
3200.0,4507853.840902163,2822817.499388741,2066230.7459080347,1201665.5010739693,578489.4128797135
3210.0,4721189.698495803,2918558.3806777652,2118788.3559361994,1226213.1107016462,594522.4209498754
3220.0,4777776.165522907,2969223.46261125,2161017.143536984,1252333.4917126829,610688.3315577271
3230.0,4815072.751414191,3005436.032377184,2194832.1246707165,1277676.1127743088,626996.5189367951
3240.0,4845506.331195599,3035434.5498740952,2223759.3729418437,1301596.1033089887,643308.5745942005
3250.0,4872200.143192208,3061883.6171483416,2249584.811898925,1324093.0575449741,659473.5695594518
3260.0,4896431.792426015,3085952.0727467276,2273231.1700330647,1345321.319973842,675380.8205279821
3270.0,4918861.65111587,3108261.708387472,2295227.369490762,1365445.2878950015,690963.3796724253
3280.0,4939882.003989147,3129187.6395597006,2315905.9458994283,1384606.4735010993,706186.8684639329
3290.0,4959748.864341174,3148977.032673226,2335491.755623336,1402920.740499591,721038.0287936981
3300.0,4978641.089253392,3167803.690048377,2354145.720869206,1420482.3077536342,735516.3938089422
3310.0,5114454.082888882,3237205.7615479566,2398268.128128717,1446289.5820005576,753855.935698888
3320.0,5156955.922623588,3276870.313252772,2433665.205458077,1472298.4364705286,772132.0476954579
3330.0,5188117.97034948,3307517.1741621615,2463129.1236308236,1497011.0942421253,790269.154945379
3340.0,5214940.782000625,3334121.5450557536,2489183.7813155875,1520232.9808437405,808123.2835386689
3350.0,5239229.507993008,3358279.5680450853,2513004.0416348707,1542114.7346721247,825586.5353368716
3360.0,5261747.719040777,3380705.620338802,2535189.3486739416,1562842.9758805705,842601.9280872671
3370.0,5282904.597133226,3401791.3172178506,2556088.08098631,1582576.3404983892,859149.2480992196
3380.0,5302952.540250388,3421781.127393709,2575924.714742189,1601441.0042023428,875229.8866909075
3390.0,5322062.542674464,3440841.8813789557,2594855.442235005,1619537.0053905274,890856.6192594378
3400.0,5340358.404560654,3459094.947837091,2612995.368172176,1636944.7688815687,906047.6344672448
3410.0,5357934.252596462,3476632.9172884747,2630433.102783937,1653730.1082049685,920823.2506220192
3420.0,5374864.359837137,3493529.031666527,2647239.20472735,1669947.8222975256,935204.1711718068
3430.0,5391209.049107633,3509842.8876805436,2663471.3746993006,1685644.2592014791,949210.5901159316
3440.0,5407018.446868551,3525624.080242173,2679177.8158297013,1700859.161333661,962861.7603799897
3450.0,5422334.982477909,3540914.6369840167,2694399.5015463294,1715627.0152835294,976175.8125260025
3460.0,5515048.100765931,3590940.661248922,2727840.5553987413,1736581.9084810917,992317.0401228172
3470.0,5545715.021154445,3620032.575615241,2754493.434933155,1757554.5791097367,1008448.1756462842
3480.0,5569221.630873373,3643267.957841633,2777095.4528310113,1777485.8533702586,1024447.5984863825
3490.0,5589999.887461722,3663932.8528939127,2797472.6698813112,1796327.486586045,1040178.9910434738
3500.0,5609181.030107398,3683046.2273053285,2816410.023986266,1814227.6752786832,1055561.0814945418
3510.0,5627237.303310014,3701054.393563186,2834292.0625793436,1831330.2606419818,1070560.3365647541
3520.0,5644418.518538652,3718198.041579624,2851336.7530194265,1847747.3903849395,1085171.2922390467
3530.0,5660877.26929073,3734625.7089962075,2867682.323567653,1863564.2848868421,1099402.5705065138
3540.0,5676716.343269703,3750438.0856197835,2883424.0721875424,1878846.7678687046,1113269.0815294413
3550.0,5692010.030847895,3765708.2543302546,2898631.956283853,1893646.9934678406,1126788.0501052644
3560.0,5706814.919446221,3780492.0496007595,2913359.851440354,1908007.3456909568,1139977.0818250563
3570.0,5721175.873895225,3794833.8364447807,2927650.817223047,1921963.0552721366,1152853.2630956587
3580.0,5735129.589933874,3808769.9617075995,2941540.2863807105,1935543.9789124595,1165432.7756293013
3590.0,5804411.0989492135,3848280.513227486,2969290.554660472,1954059.275008746,1180252.7983208674
3600.0,5829092.207452916,3871986.304687473,2991446.3340863003,1972389.259142499,1195074.7483026844
3610.0,5848757.855951092,3891488.5503092725,3010561.1993431114,1989790.1081757592,1209754.7964742626
3620.0,5866482.918447778,3909144.88946563,3028041.851737529,2006301.880364011,1224172.6626043762
3630.0,5883054.986717175,3925675.382829237,3044463.8994612205,2022070.5817899192,1238269.6975416713
3640.0,5898803.8743823515,3941394.390428042,3060104.347240786,2037217.7643009275,1252028.6954256478
3650.0,5913904.64946549,3956471.5642052535,3075119.227719848,2051832.8536141852,1265453.2788438196
3660.0,5970728.179259428,3991332.370568493,3101171.7540840395,2070602.7287470568,1280853.8914246308
3670.0,5993595.185178794,4013543.575097279,3122311.7889036406,2088903.3998559702,1296166.8508011024
3680.0,6012573.760110988,4032410.44438051,3140909.3952396084,2106237.01173135,1311248.7446005377
3690.0,6029954.506436599,4049741.778761586,3158113.384163828,2122711.1770275673,1326004.489898841
3700.0,6046340.543870786,4066096.59815205,3174386.406047187,2138479.249405191,1340399.8765387998
3710.0,6061992.671619436,4081725.5719546913,3189954.337014208,2153657.7601132626,1354434.6176226921
3720.0,6077053.9466368565,4096768.159273518,3204947.513442718,2168330.376856985,1368122.8991561658
3730.0,6091614.919347346,4111313.2851346144,3219450.674962275,2182558.667581005,1381483.8033593306
3740.0,6138906.773792164,4141737.8041645167,3243043.147094219,2200364.0546687325,1396560.1133475648
3750.0,6159537.6410159245,4161908.6873302143,3262449.8296852824,2217667.758071404,1411538.0160529872
3760.0,6177156.345555943,4179450.2638072306,3279803.760590707,2234113.258055561,1426277.9257641968
3770.0,6193514.051609007,4195773.416137209,3296037.4853150314,2249824.1050140252,1440702.5699602247
3780.0,6209072.572263064,4211309.749955328,3311515.549994275,2264937.7187654446,1454791.524930007
3790.0,6224032.436633967,4226252.918761132,3326414.6384127545,2279553.0423591994,1468551.7966925346
3800.0,6238504.478678462,4240711.326669526,3340836.9617597098,2293739.7213839004,1482000.482764422
3810.0,6252559.58430854,4254754.7648085775,3354849.481616796,2307548.717618769,1495157.207940613
3820.0,6293028.571634986,4281862.786984482,3376501.1291933856,2324482.715973156,1509837.4718875322
3830.0,6311969.373234057,4300467.743511682,3394540.1485069706,2340916.00901035,1524431.12057996
3840.0,6328513.005071886,4316956.022194528,3410892.7853243565,2356596.4364149487,1538803.2893224766
3850.0,6344043.552061926,4332461.6573167285,3426333.7520853253,2371653.9699480576,1552890.3168620358
3860.0,6358926.871633175,4347328.87392705,3441158.610446035,2386211.6153734666,1566680.6762411913
3870.0,6373322.315911072,4361712.130728946,3455509.657742425,2400354.140574749,1580185.0087822173
3880.0,6387318.361478037,4375698.179833944,3469469.232175047,2414140.135230426,1593420.9399486417
3890.0,6400971.925990255,4389343.163068359,3483091.464212517,2427612.158824593,1606407.1259543316
3900.0,6414323.389789046,4402687.05214082,3496415.258493814,2440802.728298794,1619161.2289067104
3910.0,6449508.155010482,4427024.508884188,3516294.799760016,2456776.514451773,1633297.0427382577
3920.0,6466953.685228192,4444217.698677892,3533058.422490472,2472297.984448565,1647384.2292463148
3930.0,6482480.298675571,4459704.020161134,3548445.564641601,2487187.2109411852,1661292.2074007478
3940.0,6497205.725351679,4474411.593653715,3563106.714619065,2501571.1670792038,1674966.6446769023
3950.0,6511423.88901065,4488618.330198842,3577283.3654318177,2515557.2393385954,1688400.573278641
3960.0,6525261.973478964,4502447.8205142,3591090.128762105,2529216.4649078753,1701605.066986619
3970.0,6538790.17899627,4515969.00677415,3604592.7160569294,2542596.864261753,1714596.0764905964
3980.0,6552053.466320708,4529226.2873090645,3617834.0641517006,2555732.8585731275,1727389.7429335157
3990.0,6565083.641469722,4542251.173660925,3630844.91424358,2568650.532531216,1740000.9868704374
4000.0,6577904.82345024,4555067.61229335,3643648.7594797853,2581370.572505728,1752443.2303482108
