permeability,storage,rmse_Pa
1e-16,1e-12,347271875.8038081
1e-16,1e-11,240250591.2226136
1e-16,1e-10,137042044.2872859
1e-16,1e-09,38541588.98082586
1e-16,1e-08,3377098.957003316
1e-16,1e-07,2421306.2813970344
1e-16,1e-06,2778835.4852792174
1e-16,1e-05,2816636.169435626
1e-16,0.0001,2820434.013236761
1e-15,1e-12,43530619.39859046
1e-15,1e-11,32449801.735466838
1e-15,1e-10,21743111.627108406
1e-15,1e-09,11509647.275319472
1e-15,1e-08,2389687.0140253734
1e-15,1e-07,2429446.5923214154
1e-15,1e-06,2778932.5482963948
1e-15,1e-05,2816637.153900512
1e-15,0.0001,2820434.0230950858
1e-14,1e-12,4102646.5873185666
1e-14,1e-11,2411852.340997308
1e-14,1e-10,1523481.373869388
1e-14,1e-09,1171948.9747270965
1e-14,1e-08,1697435.5860567
1e-14,1e-07,2496518.3733719694
1e-14,1e-06,2779879.495873663
1e-14,1e-05,2816646.973756235
1e-14,0.0001,2820434.121653425
1e-13,1e-12,1483043.450669313
1e-13,1e-11,2245392.4447077624
1e-13,1e-10,2415543.4772325647
1e-13,1e-09,2508428.0932383584
1e-13,1e-08,2601578.3301107236
1e-13,1e-07,2697102.3857405894
1e-13,1e-06,2787430.261319516
1e-13,1e-05,2816742.749618661
1e-13,0.0001,2820435.104751979
1e-12,1e-12,1689102.0545343407
1e-12,1e-11,2610418.101587299
1e-12,1e-10,2761821.231246278
1e-12,1e-09,2779551.7853117757
1e-12,1e-08,2789213.8491675854
1e-12,1e-07,2798753.5156652136
1e-12,1e-06,2808414.157516692
1e-12,1e-05,2817504.8258700753
1e-12,0.0001,2820444.6929371282
1e-11,1e-12,
1e-11,1e-11,2648188.3435141747
1e-11,1e-10,2799511.261324805
1e-11,1e-09,2814940.861943589
1e-11,1e-08,2816719.13237821
1e-11,1e-07,2817688.4043670143
1e-11,1e-06,2818644.311322766
1e-11,1e-05,2819611.3516825014
1e-11,0.0001,2820520.9693170115
1e-10,1e-12,
1e-10,1e-11,2651976.3354035243
1e-10,1e-10,2803294.0849203872
1e-10,1e-09,2818718.912482541
1e-10,1e-08,2820264.5437393943
1e-10,1e-07,2820442.4214386893
1e-10,1e-06,2820539.3787280573
1e-10,1e-05,2820634.9885569843
1e-10,0.0001,2820731.7022573203
1e-14,1e-09,1171948.9747270965
1.9952623149688828e-14,1e-09,1669761.9629245633
1e-14,1.9952623149688828e-09,1250686.8836989764
5.0118723362727146e-15,1.9952623149688828e-09,1589944.2749958732
7.079457843841374e-15,1.678804018122566e-09,1212173.0456729224
7.079457843841402e-15,8.413951416451964e-10,1383798.8282135634
9.172759353897803e-15,1.6078665490525633e-09,1181620.5574883316
1.2956866975170163e-14,9.577452351172395e-10,1305540.3415365538
8.234268041029763e-15,1.4590242156305607e-09,1167157.6261976424
8.976871324473105e-15,9.074286771438163e-10,1170531.0145838412
7.391796465554572e-15,1.3239604139104337e-09,1220126.5831563552
9.27230054370259e-15,1.072676459782692e-09,1163284.1265024743
8.505258154439998e-15,1.7247205976407177e-09,1170275.5761602928
8.620786209992371e-15,1.4688998534460015e-09,1165183.2046557404
9.707544163459112e-15,1.0799370412702936e-09,1169099.3862872648
8.580173972735651e-15,1.353307486602679e-09,1164298.3528228349
9.228619044077884e-15,9.882641626798511e-10,1163502.7031227825
9.973052953464101e-15,7.833309974621891e-10,1164935.2530816484
8.909002925816158e-15,1.1804122053267647e-09,1163292.7973301595
8.951171597651258e-15,1.2812367718168293e-09,1164112.472501567
9.158461198029997e-15,1.0545377565619139e-09,1163134.9440245023
9.53193140164935e-15,9.582905211513635e-10,1163610.3809586524
9.060810618159526e-15,1.120468280786713e-09,1163097.3590918544
8.949567809843154e-15,1.1015214292657958e-09,1163722.2258417027
9.190542352682392e-15,1.0798161040254034e-09,1163089.5524949003
9.092549712799076e-15,1.1473270502781803e-09,1163210.1486379325
9.141938668708755e-15,1.0770067088182735e-09,1163078.940454167
9.272831986136258e-15,1.0379313794664636e-09,1163117.028555535
9.113357090230568e-15,1.099238258736611e-09,1163072.818499747
9.065161596324429e-15,1.0963783322323838e-09,1163156.4069722283
9.159035516888735e-15,1.0839330564751092e-09,1163068.801970087
9.130400486410337e-15,1.1063075799166606e-09,1163086.7335999545
9.139052756892037e-15,1.0842583576141554e-09,1163070.1426970728
9.184859976662748e-15,1.0691617274385675e-09,1163070.42070654
9.166931831774202e-15,1.0766028171090697e-09,1163067.847365811
9.186975550042737e-15,1.0762798127990257e-09,1163077.7757678998
9.151009968120309e-15,1.082258193569579e-09,1163067.5078729987
9.158899363908227e-15,1.0749392806834633e-09,1163070.1091088688
9.159001478453858e-15,1.081677582420694e-09,1163067.6080796155
9.143093388874756e-15,1.0873596165378893e-09,1163067.674791171
9.149047181595151e-15,1.0846603825382646e-09,1163067.3676896647
9.141064356691639e-15,1.0852425947622167e-09,1163068.5906220719
9.154513900965954e-15,1.082567736091089e-09,1163067.3115011053
9.154513900965954e-15,1.082567736091089e-09,1163067.3115011053
