k_min,k_max,S_min,S_max,rmse_Pa
6.158855291153401e-16,1.731809030750115e-14,2.009092812608732e-10,7.946941206366038e-10,97477.32586735871
1.5470345039479226e-15,1.731809030750115e-14,2.009092812608732e-10,7.946941206366038e-10,360568.62444499845
6.158855291153401e-16,4.350107606306975e-14,2.009092812608732e-10,7.946941206366038e-10,1464214.5928777307
6.158855291153401e-16,1.731809030750115e-14,5.046612975635297e-10,7.946941206366038e-10,318458.90805727395
6.158855291153401e-16,1.731809030750115e-14,2.009092812608732e-10,1.996181378827524e-09,331643.03680599254
9.76112782430212e-16,6.894455931709223e-15,3.1841975217261257e-10,1.2595053018858222e-09,2058965.0496221539
6.910349294049419e-16,2.7447323434785432e-14,2.2542392121524373e-10,8.916614688795381e-10,903802.6626785727
8.699614330652656e-16,1.0926976271889073e-14,2.837919028441552e-10,1.122535281890168e-09,849012.2600768757
8.21296552834555e-16,1.3756248102753034e-14,2.679168324819037e-10,1.0597416418830973e-09,345322.3679452426
2.831391995799379e-16,1.54347642332453e-14,3.6770539337821493e-10,1.454454032238605e-09,305113.6496651231
3.131482579102097e-16,2.0582588905420692e-14,3.2303531273354835e-10,1.2777620933003377e-09,484289.7570484656
6.45375537861249e-16,1.521423079230508e-14,2.8074530361746626e-10,1.1104844971867875e-09,173382.08587918113
4.274705992445614e-16,1.5324100798069974e-14,5.092209350167572e-10,5.059484269767048e-10,502804.5552202726
5.621491554057399e-16,1.6796498287350364e-14,2.534991821313115e-10,1.4163694881930617e-09,165239.99329739794
4.0839651858876233e-16,1.5091568350411945e-14,1.4367940844324916e-10,1.6966588674385756e-09,214945.28788884814
1.0668983583501459e-15,1.674370495165726e-14,1.2326557243435226e-10,1.0012483119013058e-09,280814.4349906088
7.657593092081422e-16,1.6406414208540614e-14,1.6199676712083063e-10,1.0992117133876083e-09,161433.92825062815
1.0128523558374844e-15,1.785487589812305e-14,3.3496788709732794e-10,6.908609951312437e-10,282567.01417641045
5.125049437754627e-16,1.5739465871966035e-14,1.7754019473254728e-10,1.3553253670043162e-09,141492.4180394353
5.711608791021653e-16,1.8014043455156888e-14,1.3632556334683206e-10,1.1661065600505418e-09,216563.9555336604
6.259634685100277e-16,1.5870488748302802e-14,2.3435741566507546e-10,1.124136203165881e-09,115561.06374681648
6.919394687419052e-16,1.5860914784590603e-14,1.4516579852598328e-10,8.145080146984952e-10,249435.61208110437
5.921145018909522e-16,1.655755172563428e-14,2.2052026145837652e-10,1.2334065840304138e-09,110035.61190078016
4.466672259814711e-16,1.631265060282036e-14,2.6503644510341813e-10,1.1117394946967945e-09,154356.7997761126
5.111061854901374e-16,1.6336041146945544e-14,2.3434505041508977e-10,1.1085942269175195e-09,116530.96290344579
6.664765179149423e-16,1.7323140592008702e-14,2.7784001914082474e-10,8.154650229330071e-10,146406.6109778162
5.47292828574581e-16,1.61212662346068e-14,1.9857346723935167e-10,1.1936692595236183e-09,113160.58316122823
6.915539796920402e-16,1.6580436795905308e-14,1.937619175260307e-10,1.0345035627944018e-09,114660.68086847835
5.935082794291554e-16,1.7444371121575155e-14,1.7617341400220014e-10,9.786833429351333e-10,123239.80541416974
6.176869651964941e-16,1.62501193682839e-14,2.1821978211332934e-10,1.0858622875465725e-09,102917.22933779316
5.0771601312300805e-16,1.653026993860947e-14,2.2613276551868966e-10,1.0895584179348198e-09,110684.15744353717
6.179135806774609e-16,1.7215401689364526e-14,2.3546796815288943e-10,9.021562388499008e-10,113399.84727478903
5.641528067379715e-16,1.6388101790468987e-14,2.0721628020873606e-10,1.1129699700741801e-09,102421.45042371159
7.021252358574722e-16,1.6717091468919837e-14,1.979337035708491e-10,9.989223014792095e-10,114497.1132351218
5.505785548052981e-16,1.6576778670833843e-14,2.1872708154506469e-10,1.0661561528157677e-09,101020.16652872831
5.805458740215262e-16,1.669923410788846e-14,2.0214442856185908e-10,8.204143436122912e-10,127978.2440868542
5.892009102103113e-16,1.6592859225429497e-14,2.1577534418673755e-10,1.113878978759766e-09,99330.7012062308
5.435272095047236e-16,1.7193664759637976e-14,2.0312810033236297e-10,9.438356687125768e-10,101595.88090682708
5.841242578049497e-16,1.7462895627025063e-14,2.1179383696340396e-10,8.479966942498227e-10,104652.94404459518
5.690807240810564e-16,1.665043385164551e-14,2.0835130959301153e-10,1.0398270827843492e-09,99168.17281342164
6.203788706074839e-16,1.6379664659177987e-14,2.1881661652937642e-10,1.0495752697966625e-09,101036.15699869284
6.002028743434489e-16,1.6579478592593107e-14,2.1478439536573172e-10,1.02207858390334e-09,98735.46910550531
6.394379184516501e-16,1.699059886484952e-14,2.0137141919876638e-10,9.097475463390028e-10,99982.34277575903
6.1596156328845e-16,1.6886185262411595e-14,2.055767579301575e-10,9.465550439992031e-10,98237.3257352395
6.109411391543779e-16,1.7123508649242745e-14,1.9924373225122947e-10,8.027080818980086e-10,100504.94852519504
5.945623429813216e-16,1.6723959641762985e-14,2.115180970416577e-10,1.0262848428531545e-09,98013.83241174233
6.465478412670284e-16,1.7101933377629214e-14,2.079054623858517e-10,8.542557565347404e-10,99106.23921153016
6.262445629552819e-16,1.6987923485578803e-14,2.0801683466463468e-10,8.97286671506324e-10,98047.52512073875
6.261803272458135e-16,1.7385396908743944e-14,1.9847567510892721e-10,8.143070868298128e-10,99386.985517654
6.065944158489542e-16,1.6777386279316754e-14,2.1058569487300632e-10,9.656289328308963e-10,97945.27819086936
6.055029667000032e-16,1.7014543665886134e-14,2.0987631364569599e-10,8.880937764653251e-10,97696.8392969029
5.856148392056617e-16,1.6925891941246916e-14,2.083394093395064e-10,9.32045875665547e-10,98060.56435256812
6.158302168001859e-16,1.6972394318959244e-14,2.0809743147999503e-10,9.058530163011927e-10,97719.77406825092
6.277553744009934e-16,1.732027369551178e-14,2.0322726666310687e-10,7.655886755092948e-10,97826.16795421611
6.259439507826218e-16,1.754222919498635e-14,2.0052900344454607e-10,7.245122972212611e-10,97778.42330190101
6.039707670851004e-16,1.7100915042590197e-14,2.0640570424309837e-10,8.889670430221449e-10,97762.93831615143
5.949920290007675e-16,1.6670806216081958e-14,2.1222606700684116e-10,1.040531781852014e-09,98028.32941216999
6.180581988406619e-16,1.7320193375317434e-14,2.033913964369702e-10,7.931369051536851e-10,97560.063690158
6.237885548416421e-16,1.7210311392986207e-14,2.046725815399069e-10,8.010261596453591e-10,97805.2589807041
6.088653922888248e-16,1.712819876582363e-14,2.0597105255134088e-10,8.661157182341782e-10,97577.59117956566
6.083065235509795e-16,1.7420044295962012e-14,2.0196884279402273e-10,7.686590022308326e-10,97736.80251795832
6.139406142300175e-16,1.7083216648379836e-14,2.065480666158487e-10,8.694142027364137e-10,97565.9982503053
6.229773221628441e-16,1.741192283899619e-14,1.9866278654443633e-10,7.757407003200808e-10,97665.65642468198
6.185620149307787e-16,1.731171631926225e-14,2.0140871051638644e-10,8.024207304254283e-10,97543.14146082746
6.244507651164838e-16,1.738879797624761e-14,2.0017497930226322e-10,7.656188090340149e-10,97515.27997748359
6.245670176832325e-16,1.7589826833626203e-14,1.9651204517190146e-10,7.157390553982778e-10,97601.592828093
6.165801439603113e-16,1.720848459792254e-14,2.039920040161066e-10,8.281494673318255e-10,97511.24094499995
6.196637915751417e-16,1.7293122646624874e-14,1.9985637908433262e-10,8.01703117252475e-10,97526.84064880674
6.197102528288635e-16,1.7292296703139545e-14,2.0104451399939773e-10,7.920731772403319e-10,97531.1997563655
6.194229936828346e-16,1.7297149563948408e-14,2.0113550134236842e-10,7.946474881993482e-10,97496.85747946227
6.184881880111073e-16,1.7312904897672086e-14,2.0325340028828185e-10,7.892859022684127e-10,97547.65718142965
6.193696813606609e-16,1.7298066089270754e-14,2.007002742914469e-10,7.985806184158672e-10,97494.65828892947
6.11244828832363e-16,1.7172668967255993e-14,2.0319598817570362e-10,8.440893280973962e-10,97502.45884951044
6.163631937416768e-16,1.733453986305432e-14,1.9900444145904177e-10,7.878292812352532e-10,97509.33947669588
6.164174241387629e-16,1.7302939743249397e-14,2.0023978167232715e-10,7.97721450670759e-10,97489.75796138802
6.243683612125677e-16,1.7436455100856637e-14,1.9832542862652536e-10,7.51421930609402e-10,97512.50756777053
6.1449962253202765e-16,1.7238238996848285e-14,2.019672477319753e-10,8.199026188789363e-10,97486.92869862374
6.136714398964596e-16,1.7281468014237567e-14,2.0077096473134149e-10,8.107587414150698e-10,97490.1153488804
6.1089458678705435e-16,1.727225974359675e-14,2.0124177630167358e-10,8.128938282398935e-10,97489.57302591267
6.151704843249582e-16,1.728424225899691e-14,2.0140665670714098e-10,8.017372189708606e-10,97489.61125204392
6.118103043881589e-16,1.7253464159869573e-14,2.025284746232258e-10,8.168885376739149e-10,97485.7845079253
6.113738406689842e-16,1.7256743233400065e-14,2.019150868825099e-10,8.204410953529856e-10,97491.26696966082
6.142191187448782e-16,1.7277363397165776e-14,2.015336441016942e-10,8.063728285314075e-10,97482.0740501367
6.17326033763475e-16,1.7271266098962946e-14,2.0222700797468436e-10,8.059287605104254e-10,97486.43615169688
6.15114174168741e-16,1.732192193659466e-14,2.0163014187500665e-10,7.922010202388951e-10,97490.85568501809
6.146532028557041e-16,1.7259121754425705e-14,2.0188291846625767e-10,8.12887704422875e-10,97480.64076057033
6.109709216809501e-16,1.72827185625535e-14,2.011997587387818e-10,8.094088837559165e-10,97489.30565388936
6.157310852220988e-16,1.7274128503193306e-14,2.0196970501407624e-10,8.067973860129458e-10,97480.52188862664
6.184512793436354e-16,1.7310907954997503e-14,2.0062293976313204e-10,7.936018270339306e-10,97485.39469485798
6.167843079844923e-16,1.7296529101004134e-14,2.0109763604239426e-10,7.993605198445083e-10,97480.31795699177
6.173108946474673e-16,1.7296547834944177e-14,2.013950665221151e-10,8.004477358220193e-10,97480.74157864312
6.165364946941687e-16,1.7291749729359026e-14,2.014297019811963e-10,8.019249148960345e-10,97478.87331113669
6.178192604071477e-16,1.7331187950590374e-14,2.0082083984811747e-10,7.886601325669902e-10,97479.85674801303
6.177826319020157e-16,1.7344707149418557e-14,2.0016281315459698e-10,7.856310908069709e-10,97479.1875145724
6.172266187448629e-16,1.7346352218306136e-14,2.0056302777441305e-10,7.861011530475668e-10,97480.34977446788
6.168948559503035e-16,1.730897144819023e-14,2.0096385052808023e-10,7.960248570173481e-10,97478.51253284217
6.157315011954979e-16,1.7300563748231933e-14,2.009109678662122e-10,8.004783892746186e-10,97478.13692690818
6.147449372683443e-16,1.726506657512777e-14,2.019478126487401e-10,8.111222446207579e-10,97479.43810821985
6.170218039046849e-16,1.7324762631184448e-14,2.0060757841669138e-10,7.919277739009269e-10,97477.92035785431
6.162298442236536e-16,1.7334465846925455e-14,2.0026771936829822e-10,7.89672839827581e-10,97478.35084622784
6.155398252962761e-16,1.7329967342694077e-14,2.0038399158845476e-10,7.923454423778126e-10,97478.30817894674
6.158590007043314e-16,1.7302234053158157e-14,2.0113889050236866e-10,8.000694252355982e-10,97477.4404810658
6.167092061556156e-16,1.7292871766074168e-14,2.0140047587340904e-10,8.012478292652936e-10,97479.13093066557
6.158319624714381e-16,1.7320685995034444e-14,2.006376306818682e-10,7.945617229633041e-10,97477.40645958165
6.1656751858406e-16,1.733233310211852e-14,2.0073552691039357e-10,7.901705375354724e-10,97478.21995213127
6.159403992099656e-16,1.7308500623304645e-14,2.0086709325745174e-10,7.978888880873064e-10,97477.41380114351
6.147387550373691e-16,1.7299998542974504e-14,2.0116910437957795e-10,8.017025976782918e-10,97477.51588061037
6.153087240744469e-16,1.7306186244496642e-14,2.010285757058715e-10,7.992476384384955e-10,97477.17372584622
6.156242252281357e-16,1.7324502510280545e-14,2.0058268497489025e-10,7.931366798905978e-10,97477.68087413866
6.158002984427693e-16,1.7307798482567486e-14,2.0099969469391245e-10,7.983305783720552e-10,97477.16826917982
6.154728593518726e-16,1.7317878875349333e-14,2.0092038287226448e-10,7.955243290957838e-10,97477.49588640881
6.15823480959395e-16,1.731084471008398e-14,2.0088041433595793e-10,7.972970902561986e-10,97477.17297835289
6.155769938148739e-16,1.7300778396112514e-14,2.0127183395580036e-10,8.002294182211744e-10,97477.27068958378
6.158002984427693e-16,1.7307798482567486e-14,2.0099969469391245e-10,7.983305783720552e-10,97477.16826917982
